speech_id,sentence_id,text,prob_lb_86_5,pred_lb_86_5,prob_lb_88_279,pred_lb_88_279,prob_ours_inv,pred_ours_inv,ours_relation
105,3,Et le musée.,0.4212479537190075,Chirac,0.9997670826911168,Mitterrand,0.5562454036111559,Mitterrand,match_top_only
109,26,"Les ministres des affaires étrangères et de la défense se rencontrent obligatoirement quatre fois par an, en réalité beaucoup plus.",0.4675527192795834,Chirac,0.999971070120528,Mitterrand,0.9999984521793652,Mitterrand,match_top_only
109,36,Cette responsabilité est la vôtre autant que la nôtre.,0.5490265792165124,Mitterrand,0.3381605465660872,Chirac,1.0000000000000004,Mitterrand,match_low_only
109,37,La sécurité de l'Europe engage les trois puissances nucléaires de l'Alliance.,0.5569716366244483,Mitterrand,0.167997319072915,Chirac,0.9999999999999852,Mitterrand,match_low_only
109,38,"A l'Alliance atlantique d'affirmer ses points de vue et d'éviter de se perdre dans des finesses stratégiques qui, de flexibilité en flexibilité, empêcheront toute décision, sinon trop tard"".",0.5695025939922655,Mitterrand,0.0676533253732252,Chirac,0.9999999999974702,Mitterrand,match_low_only
109,39,"De tout cela, naturellement, j'ai parlé souvent avec le <nom> , comme je l'avais fait avec le <nom> .",0.578789655781085,Mitterrand,0.0623293591172926,Chirac,0.999999999554038,Mitterrand,match_low_only
109,40,Les Allemands le comprennent très bien.,0.5800292622640052,Mitterrand,0.0576898647172412,Chirac,0.9999999725382588,Mitterrand,match_low_only
109,41,Ils savent que nous sommes solidaires plus que nous ne l'avons jamais été.,0.5684374942743045,Mitterrand,0.0644869997196781,Chirac,0.999997957501833,Mitterrand,match_low_only
109,42,Mais le traité de l'Elysée n'a pas pour objet de se substituer à l'OTAN.,0.5413632183894365,Mitterrand,0.1726599376659821,Chirac,0.999893503687538,Mitterrand,match_low_only
109,43,Et c'est aussi leur opinion.,0.5027206577789625,Mitterrand,0.0411906524339387,Chirac,0.9968887801875403,Mitterrand,match_low_only
111,95,"La première, c'est celle que j'ai pu voir moi-même à l'exploitation agricole de Saint-Mamet, chez <nom> à quelques kilomètres d'Aurillac hier matin.",0.5267091157203464,Mitterrand,0.1611584034250389,Chirac,0.102978172595833,Chirac,match_top_only
111,96,"C'est une exploitation petite, très bien menée à travers plusieurs générations, qui débouche sur une conception très moderne du monde agricole.",0.5921264077530769,Mitterrand,0.1652808802225789,Chirac,0.5608813055392642,Mitterrand,match_low_only
111,97,"Donc, une exploitation typique.",0.6389292957614182,Mitterrand,0.2400317126515703,Chirac,0.94785403083495,Mitterrand,match_low_only
111,103,"Je me suis exprimé selon ma conviction et dit ce que je pensais de l'avenir de l'agriculture française, et auvergnate en particulier, en insistant sur le fait que pour assurer les mutations essentielles et préserver la compétitivité française, il fallait accepter un certain nombre de risques.",0.7344034999968981,Mitterrand,0.1491523367942846,Chirac,0.9999999999711072,Mitterrand,match_low_only
111,104,"La Communauté européenne, j'en suis tout à fait partisan.",0.763351752986028,Mitterrand,0.3574926200051119,Chirac,0.9999999999999886,Mitterrand,match_low_only
111,121,C'est très bien.,0.4970342483307952,Chirac,0.999895629232183,Mitterrand,0.9888240583173232,Mitterrand,match_top_only
113,34,"J'ai déjà eu le plaisir de vous accueillir dans le passé, pas forcément les mêmes, mais un certain nombre d'entre vous, et je suis très heureux de l'occasion qui m'est donnée de vous recevoir à nouveau et donc de revoir certains d'entre vous et de faire connaissance des autres.",0.5039652611794748,Mitterrand,0.0644653806898321,Chirac,0.1126091329341051,Chirac,match_top_only
113,35,"Cela a une très grande force symbolique, ce titre de ""meilleur ouvrier de France"".",0.5665507492262966,Mitterrand,0.0590938287480784,Chirac,0.6456871512379246,Mitterrand,match_low_only
113,36,"Il évoque bien des valeurs fondamentales, et d'abord l'amour du métier ; ensuite un grand savoir-faire, une capacité d'expression, j'ai dit tout à l'heure de beauté, d'esthétique, la maîtrise de l'outil et la perfection technique qui ne peuvent se passer de la maîtrise de l'esprit.",0.6153347596212206,Mitterrand,0.0983352633905476,Chirac,0.9458747592329578,Mitterrand,match_low_only
113,37,"C'est aussi un concours qui récompense des femmes et des hommes qui travaillent souvent dans des techniques de pointe, dans les métiers nouveaux.",0.6465841081188105,Mitterrand,0.0809878091887269,Chirac,0.9985078183909184,Mitterrand,match_low_only
113,38,"Il n'y a pas que les métiers traditionnels, bien qu'il faille aussi les honorer, mais il faut suivre l'évolution de la technique, l'évolution des temps ; il faut que la France dispose des meilleurs ouvriers possibles dans tous les domaines : ceux qu'on a coutume de connaître à travers les générations et ceux qui se révèlent comme des techniques et savoir-faire indispensables avec l'évolution de la technologie.",0.6594112897512201,Mitterrand,0.1788241327437882,Chirac,0.9999831510337696,Mitterrand,match_low_only
113,39,"Je félicite donc les lauréats, je ne pourrai tous les connaître, mais je suis heureux et flatté qu'ils soient aujourd'hui les hôtes de la Présidence de la République et je veux qu'ils rapportent chez eux, quand ils rentreront à la maison, dans leur famille, le sentiment d'avoir reçu le juste prix qui les honore et nous honore.",0.6597854338772199,Mitterrand,0.4853113594994488,Chirac,0.9999998757694424,Mitterrand,match_low_only
113,54,"Il reste contre vent et marées, et en dépit de la multiplicité des concurrences nouvelles, l'un des quatre premiers pays du monde pour ses exportations et pour son niveau de développement économique.",0.4974991980742266,Chirac,0.9941585915765396,Mitterrand,0.4280879557659289,Chirac,match_low_only
113,55,Et pourtant notre démographie continue d'être relativement faible par rapport à celle de peuples infiniment plus nombreux que nous.,0.4412176793378865,Chirac,0.999896063408622,Mitterrand,0.0766979133986078,Chirac,match_low_only
113,56,"Il faut penser à cela, et savoir que grâce à vous et à d'autres, grâce aux meilleurs et qui s'affirment comme tels, la France reste le pays qu'ils aiment mais aussi le pays qu'on respecte dans le monde.",0.3910875496979272,Chirac,0.9998101340197494,Mitterrand,0.0016526908673615,Chirac,match_low_only
118,4,"En Europe, l'élargissement, qui fut notre ambition et notre horizon depuis la chute du communisme, est entré dans les faits.",0.5129409150587528,Mitterrand,0.0421805105056049,Chirac,0.0,Chirac,match_top_only
118,5,"Avec l'accord sur le Traité constitutionnel, cette Europe réunifiée a, je l'espère, pris un bon départ, je dis je l'espère car il nous appartiendra qu'il en soit ainsi.",0.5400090406720723,Mitterrand,0.0396854855222633,Chirac,0.0,Chirac,match_top_only
118,6,"Au Moyen-Orient, le vote unanime par le Conseil de sécurité de la résolution 1546 a permis la restauration de la souveraineté de l'Irak et ouvert la voie au retour des Nations Unies.",0.5371709677317179,Mitterrand,0.0710061312471388,Chirac,0.0,Chirac,match_top_only
118,7,Ce n'est que le début d'un long chemin dont chaque jour démontre la difficulté et les aléas.,0.5074467634094382,Mitterrand,0.0503651161744757,Chirac,0.0,Chirac,match_top_only
118,201,Nous essayons de modi,0.602765505544887,Mitterrand,0.0970297648626886,Chirac,0.8794440869172858,Mitterrand,match_low_only
120,51,C'est sans doute de Saxe que sont venues les premières familles qui ont régné sur la France.,0.5414969616058922,Mitterrand,0.0609256609532129,Chirac,0.0003684628236203,Chirac,match_top_only
122,17,Alors nous avons même anticipé en France l'échéance prévue par le traité.,0.4850571173813522,Chirac,0.9999827051568992,Mitterrand,0.9703809762213598,Mitterrand,match_top_only
122,29,"Combien d'éléments interviennent dont on voudrait être les maîtres ? Mais voilà, c'est comme le marin en haute mer ! La croissance excessive et la contraction monétaire peuvent nuire également à l'économie comme à l'emploi.",0.4802916090330506,Chirac,0.999986669307932,Mitterrand,0.999998263509358,Mitterrand,match_top_only
122,30,"Et voilà le sujet que vous aurez à traiter constamment pour que l'équilibre demeure et que nous puissions avancer vers un retour à la prospérité - il y a encore beaucoup de chemin à faire - vers un état qui permettra aux différentes catégories de Français de se sentir à l'aise dans leur pays, et surtout d'être de nouveau visités par l'espoir.",0.4083593248331687,Chirac,0.999983302656326,Mitterrand,0.9988986298612996,Mitterrand,match_top_only
123,122,"Tout aussitôt après d'ailleurs, vous ' <nom> ' avez développé quelques considérations sur l'acte du Conseil municipal d'hier soir ; l'adoption d'un projet et même d'une réalisation de minimum social pour les plus pauvres - ceux que l'on appelle les nouveaux pauvres, ceux qui sont frappés par la précarité des temps -.",0.356189493633632,Chirac,0.9999875433105048,Mitterrand,0.9869496452253658,Mitterrand,match_top_only
123,123,C'est une idée qui m'est chère et elle a très peu de succès.,0.4016990532620756,Chirac,0.9999901302032996,Mitterrand,0.9999753963577824,Mitterrand,match_top_only
123,124,"Je l'ai encore rappelé il y a peu de temps au gouvernement de la République 'Conseil des ministres du 23 octobre <date>', mais ce n'est pas le gouvernement qui est spécialement réticent, parce que cela représente aussi une lourde charge pour la nation.",0.4288752099723389,Chirac,0.9999938484267078,Mitterrand,0.9999999678284404,Mitterrand,match_top_only
123,125,Je ne mets pas en cause le gouvernement.,0.4418160177498464,Chirac,0.9999889404055012,Mitterrand,0.9999999999932228,Mitterrand,match_top_only
123,126,"<nom> et moi-même et votre Conseil municipal (majorité et opposition), nous allons nous mettre tous ensemble, vous tous Angers et moi car nous sommes encore un peu isolés.",0.4537874319075841,Chirac,0.9999895730181292,Mitterrand,0.9999999999999988,Mitterrand,match_top_only
123,127,Nous avons besoin que notre idée fasse des progrès.,0.4797269329820016,Chirac,0.6819057370576415,Mitterrand,1.0,Mitterrand,match_top_only
124,47,"""Faire une recherche, faire des recherches - disait <nom> - mots voluptueux, tout pleins, tout gonflés de promesses ultérieures"".",0.4849656641503921,Chirac,0.9999397891322938,Mitterrand,0.9999999999999984,Mitterrand,match_top_only
124,59,"Sans oublier la fête, si présente, car comment pratiquer l'espoir sans se réjouir et être porté au-delà de soi-même, par une sorte de rêve joyeux, même si la réalité nous répond séchement ?",0.4665548440110192,Chirac,0.9997987783489968,Mitterrand,0.1890978226149593,Chirac,match_low_only
12,73,"Nous répondons à nos besoins propres, nous sommes, chacun d'entre nous, singulier, mais lorsqu'on parle du droit, il y a toujours quelques principes essentiels qui sont des valeurs permanentes de la civilisation.",0.3843805732178495,Chirac,0.7113062327500635,Mitterrand,0.9647365221138912,Mitterrand,match_top_only
12,74,On les retrouve donc partout.,0.4413214261203694,Chirac,0.9999824289112402,Mitterrand,0.997118808091381,Mitterrand,match_top_only
12,75,"Il m'est agréable de souligner que, grâce à la haute conscience que vous avez de vos devoirs, le Brésil peut vivre dans un Etat de droit.",0.491825188311032,Chirac,0.9999868282238978,Mitterrand,0.9997638714590904,Mitterrand,match_top_only
136,55,"Et je crois personnellement que si l'Etat ne doit pas se mêler de tout, et il a cette tendance depuis toujours, les Français sont nés dirigistes, quelles que soient leurs opinions politiques et quand ils cessent de l'être, ils deviennent anarchistes, ce qui n'est pas forcément une meilleure solution, il faut trouver le point d'équilibre pour que l'élan, la direction, soient l'effet de la volonté nationale, exprimée par la puissance publique, donc l'Etat, et la diversité des responsabilités qui doit dépasser le stade administratif et électif pour atteindre toutes les catégories de citoyens, je pense en particulier au monde du travail.",0.4983801715595224,Chirac,0.9999656634217432,Mitterrand,0.979236434275017,Mitterrand,match_top_only
138,25,"Avant de venir vous rencontrer ce matin, j'ai consulté le recueil des propositions dont vous êtes les messagers.",0.420865347014963,Chirac,0.9999367439801105,Mitterrand,0.9996173765502298,Mitterrand,match_top_only
138,26,"Nombreuses sont les mesures toutes simples qui pourraient faciliter la vie, contribuer à l'épanouissement de tous.",0.4942003590719525,Chirac,0.9999834683480472,Mitterrand,0.9999939363765036,Mitterrand,match_top_only
138,32,"Il faut simplement étendre ce grand mouvement de générosité, de solidarité, multiplier les possibilités de garde ou de parrainage : garde d'enfants par des personnes âgées, gardes de malades âgés, famille adoptant - si j'ose dire - un voisin, une voisine.",0.5380002844172065,Mitterrand,0.297484621529157,Chirac,1.0,Mitterrand,match_low_only
138,33,"Et puis, je lis aussi, dans votre recueil cette revendication fondamentale : que l'animation du temps libre des personnes âgées soit avant tout faite par elles-mêmes.",0.516229615338064,Mitterrand,0.4377412687835615,Chirac,1.0,Mitterrand,match_low_only
138,42,"Il y a beaucoup de braves gens en France, beaucoup plus qu'on ne le dit lorsque l'on met toujours en exergue l'égoisme des Français ; bien entendu cela existe, mais il y a aussi une très profonde volonté d'améliorer la France.",0.5153854144397343,Mitterrand,0.1054385156863863,Chirac,0.9996410862892106,Mitterrand,match_low_only
13,64,"Hier et avant-hier, les dirigeants allemands, autour du Chancelier de l'Allemagne fédérale.",0.5474518814797777,Mitterrand,0.0481681831769432,Chirac,0.3711419659891515,Chirac,match_top_only
13,69,"Il n'appartient pas seulement aux grandes métropoles et aux pôles de décisions, de vivre les questions que j'évoque.",0.5765783633491955,Mitterrand,0.113232123420558,Chirac,0.9999494411896984,Mitterrand,match_low_only
13,70,"C'est aussi du niveau d'une ville comme Blaye, des citoyennes et des citoyens de Blaye, qui sont aussi responsables que quiconque, peut-être aussi informés que quiconque, et dont la raison et l'engagement valent tout autre.",0.5669520935189517,Mitterrand,0.0798591219138758,Chirac,0.9999988933569774,Mitterrand,match_low_only
141,29,"Alors pourquoi l'Europe ? A vrai dire, pendant des siècles, elle a existé sans le savoir.",0.4388032879894856,Chirac,0.9999906137072924,Mitterrand,0.8229294025342695,Mitterrand,match_top_only
141,30,Et elle pouvait se dispenser de rechercher une définition parce qu'elle était omniprésente.,0.4957911159730325,Chirac,0.999990884651948,Mitterrand,0.98581448365608,Mitterrand,match_top_only
141,38,"L'Europe, coupée en deux, ayant véritablement perdu son influence politique, voyait se propulser sur la surface de la planète des formes d'expression, des centres de décisions, qui tous se situent, ou presque, en dehors d'elle.",0.7090361851634844,Mitterrand,0.1536162496324758,Chirac,0.9999999999999992,Mitterrand,match_low_only
141,45,"Bien, et j'en aurai fini avec ce premier préambule, l'idée qui s'est emparée de l'esprit de beaucoup d'Européens, qui consistait à ramener l'existence historique de l'Europe sur ses propres rivages, au coeur-même de son continent, pouvait apparaître, et m'apparaître à moi, comme l'une des grandes ambitions des temps modernes.",0.6914760803537814,Mitterrand,0.2319737127006679,Chirac,0.9999999999981768,Mitterrand,match_low_only
142,48,"Ce faisant, elles se sont nui.",0.3991215708664808,Chirac,0.9763454506914304,Mitterrand,0.9999889085790106,Mitterrand,match_top_only
142,49,"Aujourd'hui, si nous pouvons parler de courtoisie et d'amitié, avouons que nos deux peuples ont continué de vivre dans une aimable et réciproque ignorance.",0.4534730557197582,Chirac,0.9999795250966694,Mitterrand,0.99999998395561,Mitterrand,match_top_only
142,50,"Nos échanges économiques ne sont pas très nombreux, ni vivants ; notre coopération industrielle est limitée à quelques actions ponctuelles ; nos relations scientifiques sont en sommeil et la coopération en pays tiers toujours essayée est encore balbutiante.",0.493522397857653,Chirac,0.9999908241983292,Mitterrand,0.9999999999972364,Mitterrand,match_top_only
142,62,"Lorsque j'essaie de savoir où se trouvent la dignité, le sens de l'équité, celui des relations internationales, c'est à l'Autriche que je pense.",0.4453254090901811,Chirac,0.9999870222349752,Mitterrand,0.9997313816544244,Mitterrand,match_top_only
153,62,Elle ne prétend se substituer à rien d'autre.,0.5110021997778595,Mitterrand,0.0539797700545869,Chirac,0.9999998884974576,Mitterrand,match_low_only
153,63,Elle entend rejoindre tous les autres efforts.,0.5554593804451717,Mitterrand,0.465313454940115,Chirac,0.9999999935875712,Mitterrand,match_low_only
153,76,Vous savez que le Traité de Maastricht a doté l'Union européenne d'une ambition de politique extérieure commune et de sécurité.,0.6223836493594839,Mitterrand,0.1170728371311606,Chirac,0.827739045740272,Mitterrand,match_low_only
153,77,Vous savez qu'il existe l'Union européenne occidentale.,0.6051749116678143,Mitterrand,0.0853138449076806,Chirac,0.6736896830486566,Mitterrand,match_low_only
153,78,Ce sont des facteurs de paix et de stabilité.,0.5892792879008913,Mitterrand,0.0478927241761793,Chirac,0.4021503688395458,Chirac,match_top_only
153,79,Vous savez qu'on discute beaucoup de l'évolution de l'OTAN.,0.5724634847947604,Mitterrand,0.0531030690236711,Chirac,0.2606914211686267,Chirac,match_top_only
153,80,"Il y a des problèmes réels qui se posent, il faut éviter d'en poser de nouveaux, il ne faut pas réveiller toutes les peurs et tous les réflexes de défiance qui ont occupé l'Europe pendant ces derniers siècles.",0.5512520358189302,Mitterrand,0.0880159556920438,Chirac,0.0995536128294138,Chirac,match_top_only
153,81,Il faut donc constamment penser à la prévention des éventuels conflits par la médiation et par l'arbitrage.,0.5204997246429293,Mitterrand,0.0843675290770837,Chirac,0.0134464452261715,Chirac,match_top_only
153,83,"D'abord l'Union européenne a versé, dans le fonds commun, l'ensemble des traités qui la lie.",0.4393580873813633,Chirac,0.999358141176829,Mitterrand,4.9512360888570583e-05,Chirac,match_low_only
153,84,"Les conversations engagées, avec neuf pays d'Europe centrale vont dans le même sens.",0.3927977148628675,Chirac,0.9999037540840644,Mitterrand,2.376162353101563e-06,Chirac,match_low_only
153,85,"Tout cela finira, morceau par morceau, par constituer un Traité considérable d'organisation de l'Europe.",0.3440375148877641,Chirac,0.9975794361478684,Mitterrand,4.7916387746482776e-08,Chirac,match_low_only
153,86,Et l'OSCE se chargera d'en exploiter la trame le mieux possible.,0.2938083770348161,Chirac,0.9999433201283412,Mitterrand,8.802893969317437e-10,Chirac,match_low_only
154,49,"Après les luttes pour l'indépendance, puis les conflits avivés et entretenus par les rivalités de la guerre froide, force est de constater que la plupart des conflits éclatent à l'intérieur des Etats, qu'ils soient ou non encouragés par un voisin, ce qui arrive souvent.",0.5270111016135121,Mitterrand,0.0655603318838304,Chirac,0.9921246162364228,Mitterrand,match_low_only
154,50,"Ce sont des guerres civiles larvées, ouvertes souvent, dont les causes sont multiples.",0.5473418364547943,Mitterrand,0.095498125093081,Chirac,0.9998983122816536,Mitterrand,match_low_only
154,52,"C'était une décision sage de la société internationale que de dire : ""on en reste là"".",0.5520225159899278,Mitterrand,0.4240829998907274,Chirac,0.999999998322482,Mitterrand,match_low_only
154,53,"Sans quoi il aurait fallu redécouper la plupart des Etats existants, formés à l'école coloniale.",0.539274244409939,Mitterrand,0.4086362290947533,Chirac,0.9999999999993978,Mitterrand,match_low_only
154,54,Aucun d'entre vous ne saurait attendre passivement que la manne de la croissance vînt apaiser les rancoeurs et les frustrations.,0.5245392434343007,Mitterrand,0.0492749198445024,Chirac,1.0,Mitterrand,match_low_only
154,55,Il vous faut donc enrayer cet engrenage.,0.5145561836387382,Mitterrand,0.0624965839798569,Chirac,1.0000000000000002,Mitterrand,match_low_only
154,56,"L'action humanitaire, quels que soient la générosité qui l'inspire et le dévouement qu'elle manifeste, ne peut tout résoudre.",0.5124770645972341,Mitterrand,0.0745704859639796,Chirac,1.0000000000000002,Mitterrand,match_low_only
154,59,"Si on avait commencé par reconnaître les droits des minorités, par les définir donc, - et le cas échéant les frontières qui n'avaient pas de valeur internationale à l'époque -, peut-être aurions-nous pu éviter bien des conséquences dramatiques ?",0.494527578549406,Chirac,0.9997499423275508,Mitterrand,1.0000000000000002,Mitterrand,match_top_only
154,62,"Face aux dangers de guerre, reste la diplomatie préventive.",0.4586216179790626,Chirac,0.9993127534534864,Mitterrand,1.0000000000000002,Mitterrand,match_top_only
154,63,"On en connaît les limites : bons offices, conciliations, médiations, tables rondes, arbitrage international.",0.4655689402244365,Chirac,0.9999179439514604,Mitterrand,0.9999999999992492,Mitterrand,match_top_only
154,64,"L'éventail des formules est large et largement éprouvé par ceux qui en ont la charge, notamment monsieur le ministre des affaires étrangères français qui doit passer le plus clair de son temps à concilier, à médiatiser, à discuter, à débattre, à arbitrer, sans toujours percevoir quelle récompense se trouve au bout de tant de temps perdu.",0.4684251982644609,Chirac,0.999986212372084,Mitterrand,0.9999999971106048,Mitterrand,match_top_only
154,65,"Enfin, chaque fois que la France est sollicitée, elle s'y emploie avec discrétion dans le respect de la souveraineté de chacun.",0.4539817710527519,Chirac,0.9999793204999148,Mitterrand,0.9999965089475936,Mitterrand,match_top_only
154,66,"Je considère comme un honneur pour mon pays - quel que soit le gouvernement, ce point de vue a montré la même disponibilité - que la France se soit toujours trouvée au premier rang des nations disponibles.",0.4129118714347741,Chirac,0.9999799296054585,Mitterrand,0.998709909778201,Mitterrand,match_top_only
157,87,"Je pense qu'on parle beaucoup, depuis quelque temps, du sens de la démocratie en France et je me garderai de revenir sur ce sujet sans quoi les interprétations finiront par fleurir jusqu'à m'étouffer.",0.4746265838622951,Chirac,0.999983701972926,Mitterrand,0.8431053372098352,Mitterrand,match_top_only
163,55,Il vous appartient de les y aider.,0.5071269091157169,Mitterrand,0.1588057110341682,Chirac,0.9536456541863592,Mitterrand,match_low_only
163,63,"En particulier, le fardeau de la dette exige une action immédiate.",0.6291434352084858,Mitterrand,0.389738446699662,Chirac,1.0000000000000002,Mitterrand,match_low_only
163,65,"J'ai moi-même proposé pour ma part aux grands pays industrialisés réunis cette année à Toronto, d'assouplir sensiblement les conditions de remboursement imposées aux plus pauvres.",0.5722397589161662,Mitterrand,0.2334727890493402,Chirac,1.0000000000000002,Mitterrand,match_low_only
163,66,"La France quant à elle, a choisi d'annuler le tiers de ses créances publiques sur ces pays.",0.5319590696504894,Mitterrand,0.0465169137153016,Chirac,1.0000000000000002,Mitterrand,match_low_only
163,73,"Plusieurs pays, et de nombreux experts, ont imaginé de créer un fonds multilatéral qui, en garantissant le service des intérêts, en abaisserait le coût.",0.4886450822511149,Chirac,0.9999767043369308,Mitterrand,0.9999999999993834,Mitterrand,match_top_only
163,74,"Bref, diverses méthodes pour financer ce fonds ont été avancées.",0.4687837420072822,Chirac,0.9999359035919776,Mitterrand,0.9999999999590192,Mitterrand,match_top_only
163,75,"Mais pour la France la meilleure technique consisterait dans la création d'un fonds auprès du FMI, chargé de garantir le paiement des intérêts servis sur certaines créances commerciales converties en obligations.",0.4295761570281337,Chirac,0.9996545429183592,Mitterrand,0.9999999971783652,Mitterrand,match_top_only
163,76,Ce fonds réduirait significativement les charges financières des pays débiteurs et les mêlerait plus activement au commerce mondial.,0.3786588012062215,Chirac,0.9999118638297212,Mitterrand,0.9999995759749308,Mitterrand,match_top_only
166,27,"Pourquoi ? Parce que j'ai tenu à restituer au gouvernement, d'une part, et au Parlement, d'autre par, conformément à mes engagements, leur réalité institutionnelle.",0.811156512911148,Mitterrand,0.2410405959151023,Chirac,0.9999999999365607,Mitterrand,match_low_only
166,28,"Ce qui veut dire qu'il a fallu passer par des discussions, nécessaires mais naturellement longues, au-sein des deux assemblées en respectant les allers et retours pour nous permettre de parachever le vote des lois.",0.7763719161277951,Mitterrand,0.3812912792813785,Chirac,0.9999999985870496,Mitterrand,match_low_only
166,29,Cela est vrai aussi de l'élargissement du secteur public au travers des nationalisations d'un certain nombre de grands groupes industriels et du système bancaire.,0.7307001801373175,Mitterrand,0.0928860970931473,Chirac,0.9999999550395664,Mitterrand,match_low_only
166,30,Il a fallu un an.,0.6737565610329819,Mitterrand,0.1137315367017533,Chirac,0.9999991923020424,Mitterrand,match_low_only
167,86,"Demain, je me rendrai sur le site de l'usine Michelin, symbole de la ténacité de nos opérateurs économiques, qui a récemment repris ses activités, après une interruption de près de dix ans.",0.5248131694879771,Mitterrand,0.2033108273790833,Chirac,0.5525889578195622,Mitterrand,match_low_only
167,93,"Des centres culturels ont vu le jour, comme celui de Terrasson ou celui de la Pierre à Bordeaux.",0.5055955164742187,Mitterrand,0.060710761609235,Chirac,1.0,Mitterrand,match_low_only
167,94,D'autres projets ont été lancés.,0.4481688855069787,Chirac,0.9999742367523896,Mitterrand,1.0,Mitterrand,match_top_only
167,95,Ils avancent à grands pas comme le Musée national de la préhistoire dont la réalisation est liée à l'aménagement de la vallée de la Vézère.,0.405350910196243,Chirac,0.9987995756078046,Mitterrand,1.0,Mitterrand,match_top_only
167,96,"Il sera créé là-bas un centre exemplaire de culture historique, scientifique et technique dans un -cadre enfin rendu à sa qualité originelle.",0.3748966345876042,Chirac,0.9999853912943268,Mitterrand,1.0,Mitterrand,match_top_only
167,97,"Dans le même temps, des expériences stimulantes de technologie sont décidées.",0.3532127887668554,Chirac,0.9999888647455628,Mitterrand,1.0,Mitterrand,match_top_only
167,98,J'ai parlé de l'opération URBA <date> qui permettra la création d'un ensemble télématique d'informations culturelles.,0.3378337627531885,Chirac,0.9999819970523396,Mitterrand,1.0,Mitterrand,match_top_only
167,99,"Il y a aussi les réalisations prestigieuses, anciennes et connues dans le monde entier comme le festival Sigma, ou le Mai musical, mais il faudrait aussi faire le compte des écrivains et des artistes et des créateurs qui viennent de chez vous, j'allais dire de chez nous.",0.3326482586891221,Chirac,0.9997073104699612,Mitterrand,1.0,Mitterrand,match_top_only
167,104,"C'est un objectif, vous voyez, sur 5 ans.",0.5138047114792095,Mitterrand,0.0894520918017494,Chirac,1.0,Mitterrand,match_low_only
167,105,"Je n'hésite pas à regarder, vous le voyez, au-delà des limites ordinairement rappelées.",0.5413070228504376,Mitterrand,0.1630815363512554,Chirac,1.0,Mitterrand,match_low_only
167,109,"De même, près de Pau, à l'Ousse des Bois, des cités laissées à l'écart seront réunies à la ville, et j'irai les visiter cet après-midi.",0.475292663767117,Chirac,0.9988878818814132,Mitterrand,0.9998578590483392,Mitterrand,match_top_only
169,9,"Une aventure commencée il y a six ans, mais qui avait pris naissance bien avant dans l'esprit d'un homme, <nom> .",0.5235721922341434,Mitterrand,0.0508458688324187,Chirac,0.6313832939676136,Mitterrand,match_low_only
169,17,"C'est dire à quelle hauteur se situaient les réflexions de cet homme d'Etat, philosophe et écrivain qui n'a pratiquement jamais fait autre chose que d'aboutir dans cette unique pensée qui était la sienne : le retour, la terre, y bâtir un Etat, y faire fructifier la terre et donc créer une composante nouvelle dans les sillons anciens participant de la vie des hommes.",0.7231362076240123,Mitterrand,0.3719481774506115,Chirac,1.0000000000000002,Mitterrand,match_low_only
169,23,"J'ai relevé cette phrase : ""le plus grand défi de l'Etat, c'est de peupler le Neguev"".",0.4349204017442839,Chirac,0.9999317776011404,Mitterrand,0.9980057471979896,Mitterrand,match_top_only
169,69,"En bref, il voulait que vous soyez les meilleurs.",0.4196805319123078,Chirac,0.9472079143635992,Mitterrand,0.0,Chirac,match_low_only
169,71,"Un, deux, trois-zéro : c'est la juste récompense d'une conquête entreprise à la manière patiente, discrète, intelligente, obstinée d' <nom> et de sa garde rapprochée et conduite par 22 joueurs d'exception.",0.443749664518042,Chirac,0.957080887561228,Mitterrand,0.0,Chirac,match_low_only
170,81,"Parmi les pays les plus touchés par la crise figurent, nous y sommes, ils sont nos voisins, les pays d'Afrique sub-saharienne : leur développement économique s'est encore ralenti dans la dernière décennie, le taux de croissance y est tombé de 1,3 % en <date> - <date> à 0,8 % en <date> - <date>.",0.4016644066951208,Chirac,0.9587515367692376,Mitterrand,0.0003389275669246,Chirac,match_low_only
170,82,"Alors que, pour l'ensemble des pays en développement, ces taux étaient respectivement de 3,5 % et de 2,7 %.",0.4550907552537532,Chirac,0.9999328521108248,Mitterrand,0.0067846696267657,Chirac,match_low_only
170,83,"Vous devinez bien que derrière l'abstraction de ces chiffres, se dissimulent d'intolérables tragédies.",0.4837522946913457,Chirac,0.9999826545837596,Mitterrand,0.0961241803792716,Chirac,match_low_only
170,84,"Pourquoi cette spécificité des problèmes de l'Afrique ? Vous répondez, vous, nos amis africains, vous-mêmes à cette question.",0.4836229770387543,Chirac,0.9999787113251216,Mitterrand,0.4599526467964165,Chirac,match_low_only
170,85,"J'avais déjà souligné l'an passé l'importance de la résolution adoptée à ce propos en <date> au sommet de l'Organisation de l'unité africaine, et les propos de M. le Président de la République togolaise viennent de les actualiser.",0.4610892963306454,Chirac,0.9999736064033522,Mitterrand,0.7497869316694195,Mitterrand,match_top_only
170,86,"Ce travail a été prolongé cette année par la session extraordinaire de l'Assemblée générale des Nations unies, première session consacrée à un continent et non à un problème.",0.4256725687822938,Chirac,0.9897620927820436,Mitterrand,0.9432860590558384,Mitterrand,match_top_only
179,3,"Je voudrais simplement vous dire mon général que vous représentez aux yeux de tous ceux qui vous connaissent la grande tradition, la meilleure tradition militaire britannique, une tradition ouverte sur le monde.",0.4326349159767669,Chirac,0.9901396043016168,Mitterrand,0.9999705811339568,Mitterrand,match_top_only
179,4,"Par votre origine d'abord, puisque vous êtes né au Pakistan d'un père colonel de l'armée des Indes - et ceci fait rêver tous les Français - et d'une mère qui vous a rapproché du célèbre écrivain anglais <nom> .",0.515496537596611,Mitterrand,0.4557330377586286,Chirac,0.9999989887952272,Mitterrand,match_low_only
179,26,! C'est donc pour nous un progrès nécessaire à réaliser sans quoi l'élargissement devra attendre.,0.4700772179313637,Chirac,0.9999859748324312,Mitterrand,0.998453808819215,Mitterrand,match_top_only
17,115,"Le deuxième point, c'est le travail réalisé.",0.5062486185387363,Mitterrand,0.2951454775090817,Chirac,0.7873709141366375,Mitterrand,match_low_only
17,129,"Je ne sais pas comment cela a marché entre vous, mais il m'a semblé que vous aviez réussi une bonne symbiose et que vous vous êtes entraidés, dans l'intérêt commun, dans l'intérêt populaire, pas pour vous mais pour la population.",0.7443747521323044,Mitterrand,0.476517002840586,Chirac,0.9999999999999998,Mitterrand,match_low_only
17,130,"Le résultat est très heureux et vous avez eu raison, <nom> , d'insister sur le fait que cela n'était possible que parce que nous avons réalisé les lois sur la décentralisation.",0.7320799397173149,Mitterrand,0.3964652901791542,Chirac,0.9999999999999998,Mitterrand,match_low_only
17,131,"On les critique souvent et elles sont d'ailleurs critiquables, comme toutes les lois.",0.7146112150160012,Mitterrand,0.1550550323350273,Chirac,0.9999999999999998,Mitterrand,match_low_only
17,132,"On les critique souvent parce qu'elles ont naturellement, et c'est obligé, dispersé les compétences, parfois l'autorité.",0.7027545339871213,Mitterrand,0.0866195975211457,Chirac,0.9999999999999998,Mitterrand,match_low_only
17,133,C'est un danger.,0.7062245954062374,Mitterrand,0.0757398218964714,Chirac,0.9999999999999998,Mitterrand,match_low_only
17,134,"Il faut y faire attention, mais je pense que les élus, présidents de ces assemblées ont assez le sens des responsabilités pour concilier à la fois leurs intérêts et ceux de la nation.",0.727604909508912,Mitterrand,0.3150857532054686,Chirac,0.9999999999999998,Mitterrand,match_low_only
17,135,"D'autant plus que l'Etat lui aussi est partenaire, qu'il a son mot à dire et qu'il n'a, sans doute, pas manqué de le dire.",0.7606485021451924,Mitterrand,0.4735103122718781,Chirac,0.9999999999999998,Mitterrand,match_low_only
182,64,"Parce que l'inflation baisse, les taux d'intérêt de l'argent baissent aussi.",0.5717858820387466,Mitterrand,0.2989658608542442,Chirac,0.6109609289195228,Mitterrand,match_low_only
183,110,"Et là, génération après génération, nous traçons le même chemin.",0.4852554985501694,Chirac,0.9267096455810188,Mitterrand,0.7455393610065337,Mitterrand,match_top_only
188,77,"Le deuxième poste de rapport financier de l'Australie, en ce qui concerne l'activité avec l'étranger, est celui de la Formation.",0.4365129256858946,Chirac,0.7627475766638124,Mitterrand,5.299394922886336e-09,Chirac,match_low_only
188,78,"Sans prétendre aller jusque-là, cela mérite quand même que nous réfléchissons sérieusement à la possibilité de nous adapter, nous aussi, aux exigences du monde moderne et de nos intérêts nationaux.",0.4608197114388036,Chirac,0.9918650837054266,Mitterrand,1.029790128614927e-06,Chirac,match_low_only
188,84,"'Suite sur les ""cinq savoirs de l'entreprise""'",0.5274520080870181,Mitterrand,0.0849686861516243,Chirac,0.9328120338531424,Mitterrand,match_low_only
188,96,"Ce temps, c'est un temps de malheur, surtout pour ceux qui cessent de disposer d'un emploi, qui, non seulement souffrent matériellement, mais aussi psychologiquement et moralement.",0.7892866962336856,Mitterrand,0.0706645277608439,Chirac,1.0000000000000002,Mitterrand,match_low_only
188,97,"Un homme, une femme dans notre société, démuni de travail, c'est quelqu'un qui souffre, vous le savez.",0.7548831005505853,Mitterrand,0.1325508998527647,Chirac,1.0000000000000002,Mitterrand,match_low_only
188,98,"C'est quelqu'un qui se trouve déchiré, et parfois abandonné.",0.7310181471305985,Mitterrand,0.0398907508322322,Chirac,1.0000000000000002,Mitterrand,match_low_only
188,99,C'est une atteinte à la dignité.,0.7234979728096624,Mitterrand,0.196827084259226,Chirac,1.0000000000000002,Mitterrand,match_low_only
189,15,Elle regroupe 340 millions d'habitants.,0.5405302105696794,Mitterrand,0.0346008685849441,Chirac,1.0000000000000002,Mitterrand,match_low_only
189,16,Elle est la première puissance commerciale du monde.,0.5438683653429202,Mitterrand,0.0301067691420942,Chirac,1.0000000000000002,Mitterrand,match_low_only
189,17,"Elle pourrait être aussi au premier rang dans la plupart des domaines technologique et économique et bien entendu, culturel.",0.5601257741242036,Mitterrand,0.1606731129954706,Chirac,1.0000000000000002,Mitterrand,match_low_only
189,18,Elle connaîtra un développement nouveau dans les mois et les années qui viennent.,0.5824737290697187,Mitterrand,0.2919666330787514,Chirac,1.0000000000000002,Mitterrand,match_low_only
189,20,On va débattre dans le même temps de notre unité politique.,0.6205256355602822,Mitterrand,0.3485694418741826,Chirac,1.0000000000000002,Mitterrand,match_low_only
189,30,"Je connais les difficultés qui sont les siennes, bien entendu, toute région a ses difficultés.",0.616266127110262,Mitterrand,0.3039530156966689,Chirac,0.9982518897149132,Mitterrand,match_low_only
189,31,"Le maire à l'instant vient d'évoquer le dynamisme, la détermination de cette région pour surmonter ces difficultés et apparaître comme un pôle à la fois de développement mais aussi d'épanouissement, de sérénité, de bonheur.",0.569512259168183,Mitterrand,0.1223255698040958,Chirac,0.9326690677595852,Mitterrand,match_low_only
189,32,Je voudrais dire combien on le ressent quand on passe ici.,0.5197442119129642,Mitterrand,0.0471939027418209,Chirac,0.7937424316322425,Mitterrand,match_low_only
18,145,"Mais, dans un autre sens, je pense aux transferts de pouvoir vers des unités locales : c'est ce qu'on appelle la décentralisation qui devrait d'ailleurs - mais cela c'est une réflexion au passage - toujours être assortie de déconcentration c'est-à-dire d'un renoncement du pouvoir central en faveur de ses terminaisons.",0.4594350983921909,Chirac,0.993876168749724,Mitterrand,0.9819157645981076,Mitterrand,match_top_only
18,151,"A mesure que se forment de grands ensembles si nécessaires à l'équilibre du monde, se développe, et c'est tout naturel, un plus grand besoin de la différence, les collectivités restreintes éprouvent comme une nécessité de s'affirmer pour éviter d'étouffer dans l'ensemble trop vaste et dès lors, elles exigent un droit juste : le droit à la différence.",0.7756683320549341,Mitterrand,0.3696809948168644,Chirac,1.0000000000000002,Mitterrand,match_low_only
191,13,Il faut établir des habitudes de travail.,0.4944648795107976,Chirac,0.9999813219032664,Mitterrand,0.979052370567508,Mitterrand,match_top_only
191,14,Il faut que les esprits s'imprègnent de ces changements dans les domaines diplomatiques aussi bien que militaires.,0.5779170304897796,Mitterrand,0.267461428608604,Chirac,0.9997471533971112,Mitterrand,match_low_only
191,27,"Nous avons vraiment besoin de compter sur les énergies, mais aussi sur les dévouements.",0.6884048546865068,Mitterrand,0.4538400015714572,Chirac,0.9862416521388616,Mitterrand,match_low_only
191,29,"Il faut donc qu'il y ait une suite, une continuité dans l'esprit et dans la démarche.",0.5876028152357834,Mitterrand,0.0321522764651745,Chirac,0.536675727834328,Mitterrand,match_low_only
191,30,C'est à quoi je dois particulièrement veiller.,0.5071218751537904,Mitterrand,0.0204847802007236,Chirac,0.2707141043428358,Chirac,match_top_only
192,19,"Les témoignages offerts par une ville comme Cherbourg, montrent bien que si les Français le veulent, ils peuvent, par eux-mêmes, résoudre les principales questions qu'ils se posent.",0.4679157464971502,Chirac,0.997964946987598,Mitterrand,0.9889713310405288,Mitterrand,match_top_only
195,81,On verra bien selon les cas qui se présenteront.,0.4979970050944812,Chirac,0.9999582119251482,Mitterrand,0.9946232991431494,Mitterrand,match_top_only
196,146,"C'est dans cet esprit que j'ai décidé de donner vie, vingt ans après, à l'article du traité de l'Elysée du 22 janvier <date> par lequel <nom> et <nom> s'étaient promis : ""1) sur le -plan de la stratégie et de la tactique, de s'attacher à rapprocher leurs doctrines en vue d'aboutir à des conceptions communes ; 2) de multiplier les échanges de personnel entre les deux armées ; 3) d'organiser un travail en commun dès le stade d'élaboration des projets d'armement et la préparation du financement.""",0.3514217365377104,Chirac,0.93434440767902,Mitterrand,0.9903134590969064,Mitterrand,match_top_only
196,147,"Désormais, les ministres de la défense et les ministres des affaires étrangères des deux pays ont quatre rendez-vous obligés par an, et beaucoup d'autres par occasion.",0.3895985977853992,Chirac,0.999953385336726,Mitterrand,0.9999762155205656,Mitterrand,match_top_only
196,148,"Ils s'y informent mutuellement du développement des techniques militaires, de leurs projets, de leurs moyens et des dispositions de leurs gouvernements et des états-majors.",0.4162795522880514,Chirac,0.9999858874864916,Mitterrand,0.9999999780770532,Mitterrand,match_top_only
196,149,"Ce travail de réflexion se traduit sur le terrain par des visites réciproques d'unités, par l'utilisation commune des champs de tir et par des exercices communs de cadres et de troupes.",0.4377590368329377,Chirac,0.9998246671567522,Mitterrand,0.9999999999969544,Mitterrand,match_top_only
196,150,"Il pourrait demain se prolonger par l'entraînement commun de grandes unités, alors qu'on n'a pas dépassé jusqu'ici l'échelon bataillon ou régiment, tandis que s'organiserait une formation commune de cadres supérieurs civils et militaires dans un institut spécialisé.",0.4580229802350425,Chirac,0.9999128255411216,Mitterrand,0.9999999999999996,Mitterrand,match_top_only
196,151,"Un groupe de planification logistique étudie les problèmes liés à l'engagement de la force d'action rapide (FAR) française, créée par <nom> en <date>, et qui a, entre autres missions, celle d'agir aux côtés des forces allemandes.",0.4825686274852506,Chirac,0.9993891350061213,Mitterrand,0.9999999999999996,Mitterrand,match_top_only
196,157,"Dès lors qu'un conflit s'annoncerait, les plans tracés à l'époque du <nom> pour l'emploi de notre première armée restent d'actualité et rien ne s'oppose à ce que la FAR précède ou accompagne ce mouvement, sans aller, bien entendu, jusqu'à l'incorporation de nos forces dans les mécanismes de la ""défense de l'avant"" qu'assure le commandement intégré de l'OTAN.",0.5898670420749497,Mitterrand,0.4119399252290051,Chirac,0.9999999999999996,Mitterrand,match_low_only
196,164,"L'esprit civique, qui doit être enseigné dès le plus jeune âge, l'information, la consultation, la participation, la transparence sont les outils indispensables de l'action publique.",0.5101343813703921,Mitterrand,0.0288607155191601,Chirac,0.069893971445667,Chirac,match_top_only
207,15,"Remarquez que tout cela doit nous rassurer aussi, parce que nous n'en sommes qu'au début.",0.566339278997514,Mitterrand,0.0369807222209708,Chirac,0.9808583439899264,Mitterrand,match_low_only
207,35,"Et cette espèce de petite planète, dans cet immense espace..",0.466001548605053,Chirac,0.999979177371048,Mitterrand,0.9997327910605064,Mitterrand,match_top_only
207,36,Tout le monde a fait déjà ce type de description.,0.4032267565163424,Chirac,0.9999185148349596,Mitterrand,0.9736641870417804,Mitterrand,match_top_only
209,15,"J'avais, hier soir, la visite des syndicats européens.",0.4845363672354647,Chirac,0.9999572017075818,Mitterrand,0.9954975026908232,Mitterrand,match_top_only
209,28,"Et si tous les socialistes et d'autres encore, je l'espère, s'accordent pour mettre l'accent sur cette nécessité, je me contente là de répéter l'écho qui me vient aux oreilles, pour mettre cela en exergue et dire aux Français : ""rassemblez-vous pour exiger de vos gouvernements qu'ils accompagnent, qu'ils précèdent, qu'ils organisent, qu'ils facilitent le grand dialogue social pour un nouveau contrat sur l'emploi"".",0.5447153774147585,Mitterrand,0.3555912920313605,Chirac,0.9921343147370504,Mitterrand,match_low_only
213,20,"Je voudrais remercier l'orchestre des Forces de Sécurité du Liban, j'ai rarement entendu une aussi belle Marseillaise.",0.5039415636467522,Mitterrand,0.0380464058142923,Chirac,0.3718162557289332,Chirac,match_top_only
213,35,Je laisse aller un peu mon coeur en m'adressant à cette foule.,0.4602038208494137,Chirac,0.5684500550617537,Mitterrand,0.9991707456388704,Mitterrand,match_top_only
214,4,-Je croyais qu'il devait y avoir leurs cadets.,0.2816056422294548,Chirac,0.9655737244971104,Mitterrand,0.0,Chirac,match_low_only
214,6,Ils sont là.,0.3925283244863299,Chirac,0.991571660736229,Mitterrand,0.0,Chirac,match_low_only
214,7,"Je les verrais tout à l'heure et je ne les ai pas encore salués, mais ils ne perdent rien pour attendre-, leurs cadets du Conseil municipal des jeunes, et puis, à travers tous ces élus, l'ensemble de la population de cette belle capitale qu'est Bourges.",0.4226474457318572,Chirac,0.994140442261321,Mitterrand,0.0,Chirac,match_low_only
215,29,"Les plans d'avenir ! Ils ont consisté essentiellement, à la fois, à sauver ce qui pouvait l'être, par la modernisation intelligente de vos industries de base ou de vos activités, mais aussi à changer l'horizon.",0.493263558995471,Chirac,0.9999544155521818,Mitterrand,0.9994604194870382,Mitterrand,match_top_only
215,45,Je suis sûr que ce sera une occasion puissante de rassembler les énergies.,0.51751023131815,Mitterrand,0.2228733241686976,Chirac,0.8954562364315763,Mitterrand,match_low_only
216,19,"Si l'humanité entière se comportait comme les pays du nord, il faudrait deux planètes supplémentaires pour faire face à nos besoins.",0.4565677093966196,Chirac,0.99991724336849,Mitterrand,0.9999999936623808,Mitterrand,match_top_only
216,24,"Le TGV permet la desserte rapide des villes et de leur arrière-pays, facilite les échanges entre régions, favorise une ouverture des territoires nationaux vers l'ensemble de l'Europe, surtout quand seront atteints les mille kilomètres en trois heures, ce qui permettra de relier toutes les villes au coeur de l'Europe dans des temps comparables à ceux du transport aérien.",0.6245182039967703,Mitterrand,0.2752004278749666,Chirac,0.9999999999999994,Mitterrand,match_low_only
21,21,"Dévastée par cette dernière guerre, marquée plus que toute autre ville par cette tragédie qu'est la division de l'Allemagne et celle de l'Europe, meurtrie par ce mur qui la partage, Berlin, c'est vrai, a fait son plein de souffrances.",0.4982974470620357,Chirac,0.9877916663662328,Mitterrand,3.05682379408978e-09,Chirac,match_low_only
21,25,"Défavorisée par une situation géographique et politique, devenue comme on le sait bien difficile, votre ville a choisi d'attirer des industries porteuses d'avenir.",0.3552431145081536,Chirac,0.922123625093518,Mitterrand,0.0194880829569845,Chirac,match_low_only
21,26,"Vous avez choisi l'avenir, les technologies nouvelles.",0.3592240732560789,Chirac,0.9905682860087552,Mitterrand,0.1269033934988974,Chirac,match_low_only
21,27,"Le centre d'innovation, en plein secteur français, et qui a commencé - comme l'a souligné le <nom> - à porter ses -fruits, en témoigne.",0.3816679552343882,Chirac,0.9999774429291096,Mitterrand,0.2471546256543438,Chirac,match_low_only
21,28,"De cette confiance, je pourrais multiplier les exemples.",0.4227916877953979,Chirac,0.9999636583139968,Mitterrand,0.4802940347663929,Chirac,match_low_only
21,29,"J'en choisis un : le témoignage que fournissent les grands projets d'urbanisme et d'architecture, qui mûrissent dans le -cadre de l'International Bau Austellung.",0.4759138843912786,Chirac,0.9999720484769898,Mitterrand,0.7501412622194825,Mitterrand,match_top_only
21,33,"Je suis venu vous assurer, au nom de la République Française, et une fois de plus, comme l'ont fait avant moi mes prédécesseurs, la volonté de la France de protéger la paix et la liberté des Berlinois.",0.5733754703279148,Mitterrand,0.1483890107023001,Chirac,0.999702534357399,Mitterrand,match_low_only
21,34,"Notre pays le montre par les forces militaires qu'il entretient ici, composées pour une large part de jeunes appelés, venus de toutes les régions de France et qui accomplissent, à Berlin, leur service national.",0.5417726371629289,Mitterrand,0.1059465924718007,Chirac,0.9999607709930434,Mitterrand,match_low_only
21,35,Je suis venu vous redire que la France restera vigilante à vos côtés et continuera de garantir la liberté d'accès sur toutes les voies qui mènent à Berlin.,0.5052435362955561,Mitterrand,0.0339601006352535,Chirac,0.9999989065883504,Mitterrand,match_low_only
21,37,"Notre attachement à ce statut ne résulte pas d'un juridisme désuet, d'un souci de formalisme.",0.4564907578056987,Chirac,0.5362319363357151,Mitterrand,0.9999999960986464,Mitterrand,match_top_only
21,38,"Mais il tient à notre croyance dans le pouvoir du droit, dans la force de la justice.",0.4484764312218893,Chirac,0.7255669858718699,Mitterrand,0.9999999271492804,Mitterrand,match_top_only
21,39,"Ce droit, les conditions de ma venue ici, ne l'ont pas modifié.",0.4403972815569478,Chirac,0.999985986611285,Mitterrand,0.9999968715273851,Mitterrand,match_top_only
21,40,"Mais, j'ai tenu par là à marquer mon souci de considération pour Berlin, pour l'Allemagne, pour le Chancelier allemand, pour le maire-gouverneur de Berlin, pour la population de cette ville.",0.4201346491816034,Chirac,0.9999794064864856,Mitterrand,0.9998652205377588,Mitterrand,match_top_only
21,41,"Les droits de la France, puissance protectrice, n'ont rien à perdre à reconnaître cette ville dans sa réalité historique et l'autre réalité, qui est celle de l'Allemagne.",0.3823297398487303,Chirac,0.9999675213869494,Mitterrand,0.996252085392736,Mitterrand,match_top_only
222,54,"Mais construire l'Europe, c'est aussi réussir l'élargissement de l'Alliance atlantique.",0.5049245672365317,Mitterrand,0.0341071398395072,Chirac,0.2013441257508713,Chirac,match_top_only
223,22,"Il y a des milliers de nos concitoyens qui sont là, qui écoutent.",0.6985903562531285,Mitterrand,0.28069909782889,Chirac,1.0,Mitterrand,match_low_only
223,24,"Et puis la Normandie, et puis la France, elles bougent ! Elles y croient ! Elles en veulent !",0.7215812692627762,Mitterrand,0.3133545793547667,Chirac,1.0,Mitterrand,match_low_only
226,120,"J'évoquais, tout à l'heure, des années bien lointaines, les années 50 '<date>'.",0.4664989535694032,Chirac,0.9981803928764924,Mitterrand,0.9336657306042908,Mitterrand,match_top_only
227,2,"À l'heure où je m'exprime, nous n'avons aucune idée de l'origine ni des circonstances de ce drame.",0.4994432581908991,Chirac,0.9990919808847888,Mitterrand,0.9664778461339826,Mitterrand,match_top_only
227,6,"C'est vrai, je suis préoccupé de ce surendettement financier qui interdit aux entreprises audacieuses d'investir.",0.4455756753487696,Chirac,0.9994484038590544,Mitterrand,0.999519915391262,Mitterrand,match_top_only
22,25,"Encouragée et accompagnée par les gouvernements - ceux du Québec j'entends - les gouvernements successifs auxquels je rends le même hommage, une vague puissante a progressivement porté à la tête des affaires et des entreprises de la province, les hommes qui en sont issus.",0.3718552707957184,Chirac,0.999977949381628,Mitterrand,0.3408246680689779,Chirac,match_low_only
22,26,"Leur qualité dont la moindre n'est pas la pugnacité, pugnacité à l'égard des autres mais aussi, j'ai le sentiment, pugnacité entre eux, ce qui donne du tonus à la vie quotidienne.",0.4205207942708233,Chirac,0.9999770000999724,Mitterrand,0.7701738878784234,Mitterrand,match_top_only
22,27,"Les entrepreneurs québécois qui sont de même espèce, vous, mesdames et messieurs, vous avez assuré la relève dans tous les secteurs d'activité où l'Etat avait montré la voie.",0.4597021178011904,Chirac,0.9999739706175405,Mitterrand,0.9480813192562938,Mitterrand,match_top_only
22,28,"Vous vous êtes imposés au Québec même bien entendu et vous êtes devenus des partenaires majeurs et respectés partout à l'étranger, notamment en France.",0.4935178922284929,Chirac,0.9999619934319188,Mitterrand,0.9922906052921096,Mitterrand,match_top_only
22,36,"Nous aussi en France depuis maintenant plusieurs décennies, mais surtout par les temps qui courent, nous avons placé la recherche, c'est-à-dire la capacité de l'esprit à maîtriser tous les secrets de la matière, comme un objectif essentiel doté de ces puissants stimulants du développement que sont l'industrie et l'Université.",0.4890012891767396,Chirac,0.9988766649271812,Mitterrand,0.9999999759682844,Mitterrand,match_top_only
22,37,"Vous êtes donc, Montréal est donc, en mesure de jouer la carte du partenariat entreprise-université.",0.4544545442339606,Chirac,0.999961317139616,Mitterrand,0.9999969061039512,Mitterrand,match_top_only
22,38,"Cette nouvelle conception de développement que l'Amérique du Nord, il faut le reconnaître, connaît et pratique mieux que l'Europe aujourd'hui, en attendant bien entendu qu'on la rattrape.",0.4156616952668277,Chirac,0.9874911629614868,Mitterrand,0.999863614122187,Mitterrand,match_top_only
230,50,"De même, lorsque je parle de la rencontre entre les organisations syndicales et les collectivités territoriales et que je parle de ces 80 milliards, il s'agit simplement d'utiliser autrement, de transférer ces sommes pour les rendre utiles.",0.5610288071780314,Mitterrand,0.2855047758444958,Chirac,0.9493103728881668,Mitterrand,match_low_only
236,68,"Sur d'autres continents, les puissances économiques s'organisent.",0.5098465604673014,Mitterrand,0.0263965257488602,Chirac,0.9883878307793212,Mitterrand,match_low_only
239,28,"Mais voilà, le mot ""philosophie"" qui réapparaît dans mon discours : c'est que, quoi qu'il paraisse, je ne m'en suis pas éloigné.",0.4877142334351252,Chirac,0.9999621720844528,Mitterrand,0.9880827772097338,Mitterrand,match_top_only
239,29,"On le comprendra, mieux d'ailleurs, dans cette ville où chaque pont traversé est comme un trait d'union entre les siècles et le génie multiple des hommes.",0.4326742138599458,Chirac,0.9984080463343644,Mitterrand,0.7764435398489515,Mitterrand,match_top_only
241,22,Nous lançons aussi un appel solennel à la réconciliation entre toutes les communautés nationales au Kosovo.,0.6045822952606315,Mitterrand,0.072127783034692,Chirac,0.1998312597183331,Chirac,match_top_only
241,23,"Il faut qu'elles apprennent à vivre ensemble, en tournant leur regard non pas vers le passé mais vers l'avenir.",0.5506660214033094,Mitterrand,0.0649757390804068,Chirac,0.0105236435403063,Chirac,match_top_only
241,24,Il n'y aura pas de stabilité sans esprit de tolérance et volonté de paix de la part de tous.,0.5033978089888488,Mitterrand,0.0358501166321775,Chirac,0.0003237656505479,Chirac,match_top_only
242,25,C'est ce que l'on appelle une relance de l'économie mondiale.,0.4784028796395957,Chirac,0.9815708717989976,Mitterrand,0.999999929920832,Mitterrand,match_top_only
242,26,Elle veut vous y aider en s'aidant elle-même.,0.4325515198542425,Chirac,0.99168854645681,Mitterrand,0.9999988875041812,Mitterrand,match_top_only
242,27,Mais elle ne peut s'engager sur ce qui serait définitivement une inégalité de traitement.,0.393191520836269,Chirac,0.9999747610408394,Mitterrand,0.9999715980223158,Mitterrand,match_top_only
242,28,Elle doit préserver ses intérêts pas au-delà du vôtre mais elle est en droit de demander que ses intérêts soient aussi protégés par vous.,0.3588316120096062,Chirac,0.9999542068798672,Mitterrand,0.9995061998772736,Mitterrand,match_top_only
242,29,"Cela dit, dès que nous serons en mesure d'aboutir, alors, c'est vrai, la France y prendra pleinement sa part.",0.3266599905100916,Chirac,0.999898209504548,Mitterrand,0.9839760866581942,Mitterrand,match_top_only
242,30,"Plus les échanges seront libres, mieux cela vaudra et nous sommes prêts à y participer.",0.2921681822259981,Chirac,0.9999166334108368,Mitterrand,0.7589555824020157,Mitterrand,match_top_only
246,19,"Vous disant cela, je me prends à rêver.",0.4178875692089896,Chirac,0.9986135580256776,Mitterrand,0.99960738910424,Mitterrand,match_top_only
246,20,Il m'arrive souvent de déplorer le recul de notre identité européenne.,0.4898193140689967,Chirac,0.9999754704972168,Mitterrand,0.99999749593479,Mitterrand,match_top_only
246,31,"Cela supposera la reconnaissance académique et professionnelle des diplômes obtenus dans les universités, quelles qu'elles soient, de nos pays.",0.4927747930063123,Chirac,0.8969298044218433,Mitterrand,1.0000000000000002,Mitterrand,match_top_only
246,32,J'ai vu que la Grande Charte des Universités européennes formulait ce voeu.,0.4656075699176031,Chirac,0.9955292399087462,Mitterrand,1.0000000000000002,Mitterrand,match_top_only
246,33,"Depuis le mois de décembre dernier, la reconnaissance réciproque à des fins professionnelles de tous les diplômes sanctionnant trois années d'études supérieures est acquise dans notre Communauté.",0.4575812240291374,Chirac,0.9999419966197542,Mitterrand,0.9999999999999986,Mitterrand,match_top_only
246,34,Nos étudiants titulaires de ces diplômes pourront donc travailler dans un quelconque de nos douze pays avec l'assurance que leur niveau de formation sera partout pris en compte.,0.463810822469593,Chirac,0.999942878151058,Mitterrand,0.9999999999993334,Mitterrand,match_top_only
246,35,"J'attends maintenant - et j'espère que l'on m'entend - la reconnaissance académique des diplômes, seul moyen de poursuivre des études dans plusieurs universités européennes sans être pénalisé dans son cursus.",0.4739224868754883,Chirac,0.9999716119004732,Mitterrand,0.9999999998266128,Mitterrand,match_top_only
246,36,J'estime que les gouvernements qui n'ont pas à empiéter sur l'autonomie des universités devront épauler celles qui avancent dans cette voie.,0.477630232944023,Chirac,0.9999918391758305,Mitterrand,0.9999999519140212,Mitterrand,match_top_only
246,37,"Et puis ces étudiants qui sortent de leur université d'origine, il faut aussi les accueillir.",0.466386762615501,Chirac,0.9999933958228592,Mitterrand,0.9999910531779416,Mitterrand,match_top_only
246,38,"Pourquoi ne pas créer dans au moins une grande ville par pays, une cité universitaire de l'Europe ? Je vous informe en tout cas que la France est prête à le faire.",0.4336910179128262,Chirac,0.9999880712316404,Mitterrand,0.9993320108077136,Mitterrand,match_top_only
246,39,L'Etat n'est pas resté à l'écart de cet effort.,0.3809224864254609,Chirac,0.9756916973238152,Mitterrand,0.944293569445681,Mitterrand,match_top_only
247,31,Nous parlions bien entendu autour de cette table de l'histoire du Portugal.,0.4304116939710932,Chirac,0.994883249555826,Mitterrand,0.770283760803329,Mitterrand,match_top_only
247,32,"Nous, visiteurs, nous en sommes friands, nous avons envie de vous connaître, nous nous émerveillons de vos monuments, nous connaissons un peu votre littérature.",0.4771744492491625,Chirac,0.9399202295778591,Mitterrand,0.9576219361952673,Mitterrand,match_top_only
247,45,"Je ne suis pas très sensible aux décorations, je vous en fais la confidence.",0.7276243687478783,Mitterrand,0.3915454342456306,Chirac,0.9999999998658576,Mitterrand,match_low_only
24,63,Oui ou non ?,0.7638322756561113,Mitterrand,0.3848580174233595,Chirac,0.999977429871892,Mitterrand,match_low_only
24,65,"Avoir confiance en soi, ça n'est pas le mauvais orgueil, c'est savoir que nous représentons beaucoup dans les longues lignées des générations.",0.6758215149479518,Mitterrand,0.2443837211294544,Chirac,0.9825754617130044,Mitterrand,match_low_only
24,67,"Il est évident que la Fondation du Patrimoine a vocation à contribuer à l'aménagement de notre territoire, et notamment de notre territoire rural auquel les Français sont si attachés.",0.511562685523991,Mitterrand,0.0232267295125684,Chirac,0.04362991818698,Chirac,match_top_only
250,25,Vous avez dit qu'il ne fallait pas non plus la confondre avec la politique démographique.,0.5496152664420959,Mitterrand,0.0792327719679104,Chirac,0.9999682740555424,Mitterrand,match_low_only
250,26,"Vous avez certainement raison dans les principes, mais nous sommes dans une conjoncture, et j'ai beaucoup apprécié un récent appel de la part d'un certain nombre de représentants de la communauté scientifique pour indiquer combien l'inquiétude devait être grande à l'égard de l'évolution de notre démographie européenne et notamment française, où l'on ne peut que constater dans la conception de la politique familiale, qu'il y a aussi une dimension démographique qui s'impose.",0.598495978520525,Mitterrand,0.0861237706864487,Chirac,0.9994716744026207,Mitterrand,match_low_only
250,33,"Vous êtes nombreux à représenter ici les différentes instances, les différentes associations ou activités de cette ville, de ce canton et, au-delà, de la Confédération.",0.6235921865827824,Mitterrand,0.2421962459170581,Chirac,0.0510077711389623,Chirac,match_top_only
250,34,Soyez-en remerciés.,0.6157896960329329,Mitterrand,0.194002276151176,Chirac,0.0082066886129978,Chirac,match_top_only
250,36,"La première c'est que je connaissais <nom> depuis longtemps, avant que je n'aie l'occasion de rencontrer <nom> .",0.5995155422194075,Mitterrand,0.24911949012914,Chirac,4.881701809344996e-06,Chirac,match_top_only
250,38,J'avais apprécié son caractère et son talent.,0.591078298328083,Mitterrand,0.1681574915108457,Chirac,9.75456049268075e-10,Chirac,match_top_only
250,39,Il a été trop rapidement enlevé à l'amour des siens et à notre société car il jouait un rôle qui n'aurait pas manqué de grandir.,0.604293184399263,Mitterrand,0.2458979988616055,Chirac,5.83300074907811e-12,Chirac,match_top_only
250,45,"Nos sociétés européennes se dégradent, il faut bien le dire, matériellement et moralement, et on cherche beaucoup de raisons aux crises que nous connaissons.",0.6415382633024345,Mitterrand,0.0691673638304847,Chirac,1.3877787807814455e-14,Chirac,match_top_only
250,46,"L'une des raisons qui touche notre ensemble européen et son économie, rarement citée, c'est l'insuffisance démographique.",0.5706389435129618,Mitterrand,0.0553476086982857,Chirac,1.1324274851176595e-14,Chirac,match_top_only
251,31,Or c'est bien cela que les peuples que vous représentez attendaient et attendent de nous.,0.3107508597532552,Chirac,0.8909391479174327,Mitterrand,0.0,Chirac,match_low_only
251,130,Je ne cherche pas du tout à accroître la pression de la puissance publique mais je dis qu'il faut qu'il y ait un plan entre la puissance publique et les propriétaires privés.,0.6865724498868558,Mitterrand,0.0999587369089432,Chirac,0.9998656562377352,Mitterrand,match_low_only
251,131,"Mais l'on ne part pas de zéro, il y a déjà beaucoup de dispositions pour permettre d'assurer la pérennité.",0.6343332950262766,Mitterrand,0.2609919659311819,Chirac,0.9980183959660855,Mitterrand,match_low_only
251,162,Ce grand projet commence seulement à prendre forme.,0.1564242798722566,Chirac,0.978332054455758,Mitterrand,0.0,Chirac,match_low_only
253,44,"La France, qui n'avait jamais reconnu l'annexion de l'Estonie, fut en effet l'un des premiers pays à restaurer ses relations diplomatiques avec Tallinn.",0.5617369301044258,Mitterrand,0.1022095586219607,Chirac,0.6752058068242618,Mitterrand,match_low_only
253,73,"Notre rapprochement est économique aussi, puisque nos échanges sont en constante croissance.",0.5281775971838802,Mitterrand,0.1437038265988418,Chirac,0.7687911617051398,Mitterrand,match_low_only
257,41,"Vous venez, monsieur le président, de faire le bilan des transformations acquises au cours de ces dernières années.",0.4221305287756735,Chirac,0.9999245342651611,Mitterrand,9.455485616705062e-09,Chirac,match_low_only
257,42,"S'appuyant sur votre dynamisme et sur votre capacité d'initiative, le gouvermenent, il est vrai, a travaillé pour mener à bien un ensemble - je crois important - de décisions.",0.488016290202427,Chirac,0.9999179307086514,Mitterrand,1.1262759458396945e-07,Chirac,match_low_only
257,47,"La première, la reconnaissance du fait mutualiste, qui va se traduire par un élargissement de vos activités : les mutuelles vont pouvoir s'associer à d'autres organismes, issus notamment de l'économie sociale, pour offrir de nouveaux services à la population dans le domaine social, dans le domaine culturel.",0.508541782501547,Mitterrand,0.1019132819746034,Chirac,4.895464756904389e-07,Chirac,match_top_only
257,48,"Leur accession à une pleine capacité civile les autorise maintenant à faire elles-mêmes tous les actes quotidiens de gestion, qui supposaient jusqu'alors l'intervention de l'Etat.",0.5045447906413599,Mitterrand,0.0404775621657514,Chirac,8.284818747705813e-07,Chirac,match_top_only
257,49,"Enfin, des moyens nouveaux seront garantis aux militants mutualistes pour l'exercice de leur mandat, notamment dans le domaine de la formation pour laquelle ils disposeront désormais d'un congé de neuf jours.",0.5126422762598264,Mitterrand,0.0356456341680135,Chirac,3.0919233099391263e-06,Chirac,match_top_only
257,50,"La seconde priorité - et c'est l'autre ligne directrice du projet - c'est le renforcement des libertés et, bien entendu, des responsabilités de la mutualité.",0.5299504550135028,Mitterrand,0.3208294412822398,Chirac,1.0829630006092827e-05,Chirac,match_top_only
257,51,"Le contrôle exercé jusqu'alors par l'administration va se trouver considérablement allégé, en évoluant vers une information réciproque infiniment plus efficace que l'exercice d'une tutelle classique.",0.5506794150166439,Mitterrand,0.0806049740284441,Chirac,1.597575887468672e-05,Chirac,match_top_only
257,56,Elle reste inspirée par un idéal qui vient de loin : les bâtisseurs du Temple de Salomon qui décidèrent de s'unir près d'un millénaire avant notre ère.,0.4593602126195837,Chirac,0.9945790143685036,Mitterrand,3.377382339353474e-07,Chirac,match_low_only
257,58,"Que les élus de la Nation soient conduits aujour'hui à en débattre à l'occasion de l'adoption du Code de la Mutualité, voilà une étape nouvelle de votre grande histoire.",0.3323148221077545,Chirac,0.9392961539160408,Mitterrand,1.942882489336384e-07,Chirac,match_low_only
258,10,"J'ai indiqué au <nom> , comme je le ferai demain auprès des autorités d'Israël, que la France, dont les intérêt dans cette partie du monde sont évidents et anciens, souhaite apporter tout son concours, concours de bonne volonté, un message de paix pour s'associer à une évolution des esprits permettant de retrouver le cours serein d'un processus de paix incontournable pour l'avenir.",0.5031110962614069,Mitterrand,0.078613377961423,Chirac,0.0576634847345887,Chirac,match_top_only
259,34,"Elle est l'organe judiciaire principal des Nations Unies, un lieu privilégié du règlement des différends internationaux qu'il faut promouvoir avec détermination.",0.5787299446940208,Mitterrand,0.1472405107158419,Chirac,0.9481993772385618,Mitterrand,match_low_only
259,57,"Fondée sur la volonté des Etats qui y ont recours, l'approche juridictionnelle constitue un progrès de la civilisation.",0.5643874983808648,Mitterrand,0.2797473023573054,Chirac,0.9884141254543198,Mitterrand,match_low_only
266,96,"Mais si tous ces efforts devaient rester vains, nous nous trouverions alors dans une tout autre situation qui justifierait la saisine du Conseil de sécurité par la voie d'une résolution et nous Français, nous y sommes prêts.",0.4609194241318617,Chirac,0.9999290641616608,Mitterrand,0.9856926180998988,Mitterrand,match_top_only
273,35,"Je sais que vous l'avez fait au regard des catastrophes survenues sur la Bretagne, c'est vrai dans ce domaine, c'est vrai de tous les autres.",0.4189191419570059,Chirac,0.999978865962358,Mitterrand,0.9804020233447654,Mitterrand,match_top_only
274,53,"Je veux saluer ici, ce soir, la sagesse et le courage de mon ami, le <nom> , dont l'engagement personnel a permis de mettre fin à près de quarante années d'injustice, d'oppression et de déchirements absurdes.",0.5135885062393467,Mitterrand,0.0384055788234735,Chirac,0.0158494484153464,Chirac,match_top_only
275,14,"En l'espace d'un demi siècle, j'ai souligné la différence, les plus anciens d'entre vous pourraient témoigner.",0.414564289400005,Chirac,0.999986555229764,Mitterrand,0.9961515753526043,Mitterrand,match_top_only
275,15,Comment ont-ils vécu leur enfance et leur jeunesse ? A quelles difficultés ne se sont-ils pas heurtées ? Et l'isolement de votre péninsule et souvent l'incompréhension des administrations centrales.,0.4763948105432212,Chirac,0.9999891930429188,Mitterrand,0.9999962728437738,Mitterrand,match_top_only
278,14,"Et vous le savez, Monsieur le Président, c'est un ami d'Israël qui vous rend visite aujourd'hui.",0.5004127680682353,Mitterrand,0.1526094688386946,Chirac,0.5999752864765776,Mitterrand,match_low_only
27,112,"Critères de bonne gestion et critères de rapprochement, de convergence de nos économies.",0.5012885663631707,Mitterrand,0.0257691071673486,Chirac,0.0843024756211751,Chirac,match_top_only
280,15,"Votre carrière vous aura conduite, comme ambassadeur des Philippines, - je profite de cette occasion pour saluer avec mes respectueux hommages l'ambassadeur des Philippines à Paris-, en Roumanie d'abord, puis en Australie.",0.5401647712492721,Mitterrand,0.0515616683800237,Chirac,0.0873821096985555,Chirac,match_top_only
280,16,"Je sais aussi quel rôle vous avez joué plus tard, comme vice-ministre des Affaires étrangères, dans le rééquilibrage de la politique étrangère de votre pays en faveur de l'Europe.",0.6336257508919854,Mitterrand,0.1093783375626383,Chirac,0.8122975765174819,Mitterrand,match_low_only
283,97,Voilà ce qu'est le socialisme de <nom> .,0.411581105108029,Chirac,0.9999741545189984,Mitterrand,0.9537284157009804,Mitterrand,match_top_only
283,98,"Il le disait à l'Assemblée, à la Chambre des députés en 1893, je le cite : ""nous apportons des projets de réformes que vous n'avez pas apportés"" - il s'adressait à l'époque, à la majorité hostile à tout progrès - ""et puisque vous désertez la politique républicaine, c'est nous qui la ferons ici"".",0.4325209600310246,Chirac,0.9999773657048528,Mitterrand,0.999783703438922,Mitterrand,match_top_only
283,99,"La suite on la connaît : <nom> , député de Carmaux est de tous les combats pour la justice sociale.",0.4256428969444809,Chirac,0.9999565187973476,Mitterrand,0.9999989366951216,Mitterrand,match_top_only
283,106,"Et pour agir collectivement, pour appuyer les lois qui consacraient des droits nouveaux, il a voulu l'union des socialistes, comme il disait lui-même, dans un ""grand parti d'intérêt général"".",0.4232781073234684,Chirac,0.9802065002027086,Mitterrand,0.9999999999999998,Mitterrand,match_top_only
283,107,"En même temps, il organisait un débat permanent, un débat inlassable, contre ceux de ses propres camarades qui boudaient les réformes, qui, parce qu'ils préféraient un objectif lointain, indéfini, grandiose, plus proche de l'idéal, refusaient de mettre la main à la pâte à l'instant et d'accepter les réformes qui signifiaient quelques pas en avant.",0.4931044283571725,Chirac,0.9999587006599948,Mitterrand,0.9999999999999998,Mitterrand,match_top_only
283,117,"A l'époque, la classe ouvrière subissait une autorité sans limites.",0.4776881191711164,Chirac,0.983457790340246,Mitterrand,0.9999996507668474,Mitterrand,match_top_only
283,118,Et cela signifiait une atteinte à la dignité aussi douloureuse que le refus du bien-être matériel.,0.4455191504670112,Chirac,0.9978943880294452,Mitterrand,0.9998928083907432,Mitterrand,match_top_only
289,7,"La Corrèze, pour moi, c'est le berceau de tous mes ancêtres, le terreau des valeurs essentielles sans lesquelles je ne serais pas devenu moi-même.",0.5412472390240054,Mitterrand,0.0623326176446864,Chirac,0.9554913576190956,Mitterrand,match_low_only
289,8,"C'est aussi le miroir de mes souvenirs, depuis les vacances d'enfant autour du clocher d'un bourg pas bien loin d'ici, jusqu'à l'action que je me suis efforcé de conduire avec vous pour que la Corrèze mette en valeur ses atouts et surmonte ses handicaps et ses difficultés.",0.626706694985806,Mitterrand,0.1015081911594317,Chirac,0.996572899977832,Mitterrand,match_low_only
289,20,"Transmettez au peuple congolais, particulièrement à celui de Brazzaville, l'expression de ma gratitude et le témoignage de mon amitié.",0.5922443134301832,Mitterrand,0.3301104253682848,Chirac,0.0683899163330601,Chirac,match_top_only
289,21,"Nous avons parcouru plusieurs quartiers populaires, et nous avons bien vu que c'était partout le même peuple qui accueillait la France.",0.5213218132268492,Mitterrand,0.080932127998414,Chirac,0.0042190629950777,Chirac,match_top_only
289,24,Je suis en charge désormais de l'unité et de la continuité de la Nation.,0.3892137620567337,Chirac,0.9999243245783868,Mitterrand,2.911409346939564e-08,Chirac,match_low_only
289,25,D'une certaine façon ce que fut pour moi la Corrèze s'est élargi aux dimensions de la France.,0.3669173380953805,Chirac,0.999932208067002,Mitterrand,1.292611573333602e-10,Chirac,match_low_only
289,26,Les servitudes de ma fonction m'empêchent d'être parmi vous aussi souvent que je le désirerais mais sachez que la Corrèze est toujours présente en moi.,0.3424834976951739,Chirac,0.9998588969155886,Mitterrand,2.575717417130363e-13,Chirac,match_low_only
290,51,"Lutter contre elle, c'est affermir la République qui n'est pas seulement un système d'institutions mais aussi une philosophie.",0.609149356740864,Mitterrand,0.0841249415167793,Chirac,0.9999999996937784,Mitterrand,match_low_only
290,52,La République s'incarne dans un lieu familier entre tous : l'école.,0.6009734260514698,Mitterrand,0.0437286134302075,Chirac,0.9999999929639016,Mitterrand,match_low_only
290,53,"Rappelons-le sans relâche : la finalité de l'instruction publique est de former des citoyens, chacun détenteur d'une part de la souveraineté nationale.",0.5964828958197381,Mitterrand,0.0399892258860678,Chirac,0.9999997505698428,Mitterrand,match_low_only
290,54,"Et pour cela, il faut réhabiliter l'éducation civique, cette noble passion de l'école républicaine.",0.599230030992791,Mitterrand,0.035686547275197,Chirac,0.9999942872489208,Mitterrand,match_low_only
290,55,"""il ne suffit pas de reconnaître des égaux, il faut en faire"" disait <nom> . C'est à l'école que se tissent les liens de solidarité qui font un peuple. C'est à l'école que se forge l'esprit de tolérance. C'est à l'école que commence la lutte contre toutes les formes de l'exclusion et d'abord celle du sang ou de la race. C'est à l'école qu'il convient d'enseigner aux enfants de France l'histoire des drames que nous commémorons aujourd'hui, journée nationale de la déportation et c'est là que l'on oppose et que l'on opposera à l'intolérance la reconnaissance des autres.",0.60255490561714,Mitterrand,0.0495116660874533,Chirac,0.9998665450425392,Mitterrand,match_low_only
290,56,C'est là que se fera l'apprentissage des hommes à vivre en commun sur la terre.,0.5990173096434448,Mitterrand,0.0614201227250988,Chirac,0.998586552027353,Mitterrand,match_low_only
290,57,Et je m'émeus à la pensée que la Maison d'Izieu fut aussi une école.,0.5792400523876063,Mitterrand,0.2612349237159689,Chirac,0.9919658802219236,Mitterrand,match_low_only
293,62,Je ne voudrais pas oublier le concours de nos amis finlandais.,0.5604801611308644,Mitterrand,0.0596589128266424,Chirac,0.0855896883877093,Chirac,match_top_only
293,63,"Et c'est pour moi une véritable joie que de retrouver à Sougy, M. <nom> , ministre des affaires étrangères, qui fut Premier ministre, que j'ai connu à ce titre en Finlande et qui m'a fait visiter là-bas des scieries, il y a déjà de longues années, quand ce n'était pas pour participer à des fêtes, à des fêtes typiques de ce beau pays où j'ai eu la joie de retourner en visite d'Etat il n'y a pas si longtemps.",0.6519484652912854,Mitterrand,0.0821210799369806,Chirac,0.4670494023493903,Chirac,match_top_only
293,64,"Et je voudrais remercier en même temps les industriels, et particulièrement ceux qui se préoccupent de l'avenir conjoint du commerce et de l'industrie finlandais et français, notamment le Président.",0.7301790506853161,Mitterrand,0.2850801471986835,Chirac,0.8303263018372079,Mitterrand,match_low_only
293,65,"Je me réjouis d'avoir vu ce peuple sympathique et vaillant - qui obtient pour lui-même de grandes réussites, je les ai constatées, dans de nombreux secteurs industriels - nous prêter la main, nous faire connaître son expérience, et contribuer à la réussite d'un projet qui n'est plus un projet, qui est aujourd'hui une grande réalisation.",0.7934121718010596,Mitterrand,0.3082572530838463,Chirac,0.9966347564125946,Mitterrand,match_low_only
293,85,Mais ça c'est un autre problème.,0.4246768194622116,Chirac,0.5031670719579596,Mitterrand,0.8910719280329104,Mitterrand,match_top_only
295,57,Je n'établirai pas ici le palmarès des grands écrivains issus de vos départements.,0.5847650188944875,Mitterrand,0.144013559681938,Chirac,0.9999999972347956,Mitterrand,match_low_only
295,58,"Parmi ceux que j'ai lus, il y en a un qui m'a toujours frappé parce qu'on ne lui a pas fait la place qu'il méritait mais cette place grandira.",0.563610665507998,Mitterrand,0.3196722553007988,Chirac,0.9999995346381216,Mitterrand,match_low_only
295,61,"Bref, quand on parle de la diversité de l'Auvergne comprise selon ses limites actuelles, on doit constater que ses composantes s'assemblent de telle sorte qu'il existe un visage harmonieux, une réalité vivante, qui a triomphé précisément de ces disparités, de ces antagonismes pour forger une personnalité propre à cette région dans la personnalité française.",0.4543581850202937,Chirac,0.9999869307977124,Mitterrand,0.9648600427291938,Mitterrand,match_top_only
298,22,"Ainsi, depuis dix-sept ans, donnez-vous l'exemple d'une continuité politique rare, aussi bien, d'ailleurs, sur le continent africain que plus généralement dans le monde.",0.5406827603728932,Mitterrand,0.1074193240443104,Chirac,0.9570752299451488,Mitterrand,match_low_only
298,39,"Au cours de ces vingt-sept dernières années où vous avez été en charge des plus hautes responsabilités, vous vous êtes efforcé, avec pragmatisme, avec obstination, avec générosité aussi, de mettre en oeuvre une bonne gestion économique et ceci malgré de très nombreuses difficultés ; pendant ces vingt-sept ans, vous vous êtes attaché à poursuivre une réelle libéralisation de la vie politique en vous appuyant sur la stabilité des institutions, une stabilité que vous avez eue à coeur et que vous avez su préserver.",0.529692673799666,Mitterrand,0.1278751526752741,Chirac,0.2295772149691786,Chirac,match_top_only
29,24,Vous avez traité de nombreux problèmes très sérieux.,0.5263128456175329,Mitterrand,0.4700705870714022,Chirac,0.99942425395668,Mitterrand,match_low_only
29,43,"Aussi applique-t-on en France, des lois qui peuvent paraître rigoureuses, plus rigoureuses qu'il me semble à écouter les polémiques.",0.4109323498579493,Chirac,0.9753757373065182,Mitterrand,0.9959704258992116,Mitterrand,match_top_only
305,24,Ce qui est vrai des handicapés physiques est vrai de tous ceux qui connaissent un handicap professionnel ou social.,0.5524411151810438,Mitterrand,0.4699850289781261,Chirac,0.9999999999999996,Mitterrand,match_low_only
305,29,"Je dis : ""Personne ne pourra à l'avenir s'écarter de la route que nous aurons tracée, tant sera ressenti en profondeur le besoin de cette solidarité nationale dont j'ai déjà plusieurs fois parlé"".",0.4855841371949151,Chirac,0.9999779262721484,Mitterrand,0.9662757320669796,Mitterrand,match_top_only
306,9,Ce qui veut dire que je dois aussi tenir compte d'un message qui m'est adressé et qui l'a été dans des conditions de courtoisie auxquelles je suis sensible.,0.720273069075894,Mitterrand,0.0547534538466659,Chirac,0.994179711839233,Mitterrand,match_low_only
306,10,Je tiens donc à saluer ici le premier magistrat d'Ajaccio ainsi que les membres de son conseil municipal.,0.7277537260312967,Mitterrand,0.3135007629051428,Chirac,0.9990452874213044,Mitterrand,match_low_only
306,11,"Quelles que soient leurs tendances, quelles que soient leurs nuances, de la même façon, ils sont pour moi des Corses, fils de France, ils sont pour moi les mêmes et je suis garant dans ma fonction et ma charge d'aujourd'hui de perpétuer tout en les rénovant les relations qui nous unissent.",0.7262490729987523,Mitterrand,0.2473555648983826,Chirac,0.9999912369784436,Mitterrand,match_low_only
307,45,Celui de la fécondation de nouveaux secteurs industriels par la deuxième génération de la science informatique.,0.441350437124674,Chirac,0.8665203052603234,Mitterrand,0.99016744158119,Mitterrand,match_top_only
307,46,"Nos premières avancées, dans ce domaine aux retombées illimitées après celles de la formation, sont la santé et l'agriculture.",0.448018264559408,Chirac,0.9904959849364444,Mitterrand,0.9997383999170182,Mitterrand,match_top_only
307,47,Nous équipons d'appareils de recherche les plus modernes nos principaux laboratoires d'agronomie et de médecine.,0.4462519789402466,Chirac,0.9999288258568678,Mitterrand,0.9999965987234042,Mitterrand,match_top_only
307,48,Leurs travaux sont coordonnés par les responsables dont certainsm'ont accompagné ici.,0.4471232686279987,Chirac,0.9999176546107916,Mitterrand,0.9999999776378252,Mitterrand,match_top_only
307,49,"Nous avons arrêté les objectifs concrets à réaliser durant les années 84 et 85 '<date> - <date>' en matière de systèmes experts, industrialisables.",0.4574715645720415,Chirac,0.9999632444215244,Mitterrand,0.9999999997492444,Mitterrand,match_top_only
307,50,"J'ai personnellement suivi, depuis le début, ces travaux porteurs d'avenir, créateurs de richesses et d'emplois et je veille à leur calendrier d'exécution.",0.4797628571166362,Chirac,0.9999609076392696,Mitterrand,0.9999999999984632,Mitterrand,match_top_only
307,58,Je serai après demain en France.,0.4806256924549433,Chirac,0.9999654495065896,Mitterrand,0.9999999999999996,Mitterrand,match_top_only
307,59,"C'est mon chantier et j'entends bien, avec tous ceux qui le veulent et ils sont nombreux, entamer cette renaissance de notre pays.",0.4296282954664155,Chirac,0.8087203407372121,Mitterrand,0.9999999999999996,Mitterrand,match_top_only
307,60,"Précisément un grand économiste français, le professeur <nom> , s'exprimant en savant, confirme notre intuition : ""La plus grande cause aujourd'hui est celle de la ressource humaine.",0.3926660471828215,Chirac,0.999664956826484,Mitterrand,0.9999999999999996,Mitterrand,match_top_only
307,61,"Elle englobe toutes les autres, elle rassemble.",0.3697533921090741,Chirac,0.9994085197974144,Mitterrand,0.9999999999999996,Mitterrand,match_top_only
307,62,"Pour entrainer l'appareil de production le plus avancé, le développement de la matière grise est désormais requis comme il ne le fut jamais.",0.3544453823795271,Chirac,0.97639432640575,Mitterrand,0.9999999999998096,Mitterrand,match_top_only
307,63,"La science de l'information, l'informatique sera la base de ces progrès.",0.3359326952078593,Chirac,0.9998218902607852,Mitterrand,0.9999999996545452,Mitterrand,match_top_only
307,64,"Changement radical dans le concept-même de l'économie qui consistera, avant tout, en la formation de l'homme par l'homme, par l'aménagement de toutes les ressources dont dispose chaque individu"".",0.3100519949205336,Chirac,0.9248542541129384,Mitterrand,0.9999997323681074,Mitterrand,match_top_only
308,62,"Quant à l'arme chimique, dont, hélas, nous avons constaté récemment les ravages, éliminons la au plus vite.",0.5090834686816843,Mitterrand,0.1511654458489713,Chirac,0.9941233253640064,Mitterrand,match_low_only
308,67,"En premier lieu, mon pays dépositaire du protocole de Genève de <date>, est naturellement favorable à la réunion des 110 pays signataires de cet accord.",0.6104552604554292,Mitterrand,0.07729910824002,Chirac,0.999999999999743,Mitterrand,match_low_only
308,68,"L'objet de cette réunion, selon elle, sera de réaffirmer solennellement l'engagement de non-emploi, de prévenir la prolifération, de susciter de nouvelles adhésions, d'améliorer les procédures d'enquête, enfin, de marquer une volonté commune de voir aboutir les travaux actuellement menés à Genève dans le cadre de la conférence de désarmement.",0.5687981194661917,Mitterrand,0.03011253189656,Chirac,0.9999999999999992,Mitterrand,match_low_only
308,69,"En deuxième lieu, mon pays désire accroître le rôle des Nations unies dans la lutte contre la prolifération et l'usage de l'arme chimique.",0.5241705255039991,Mitterrand,0.0234568175771598,Chirac,1.0,Mitterrand,match_low_only
308,76,Cela sans préjuger les sanctions que déciderait le conseil de sécurité.,0.4894265589896063,Chirac,0.9276358077483504,Mitterrand,0.99999999999999,Mitterrand,match_top_only
308,80,"Mais comme plusieurs années seront, de l'avis des experts, nécessaires avant d'y parvenir, la menace chimique subsistera pendant ce temps.",0.4878642019055391,Chirac,0.9510704402609672,Mitterrand,0.9999403333371694,Mitterrand,match_top_only
308,81,D'où la nécessité d'assurer la sécurité pendant la période délicate qui précédera la destruction totale de ces armes.,0.4531358925048599,Chirac,0.9991570452594122,Mitterrand,0.995813396283031,Mitterrand,match_top_only
308,82,"C'est pourquoi je pense que les usines d'armes chimiques devraient être fermées dès l'entrée en vigueur de la convention, et placées, comme les stocks, sous contrôle international avant d'être démantelées.",0.4013180980451408,Chirac,0.9926971664705232,Mitterrand,0.941779965140964,Mitterrand,match_top_only
31,13,"Vous êtes là debout, vous êtes peut-être aussi un peu fatigués, je ne vais pas vous accabler de chiffres, mais la multiplication par trois, retenez bien ce chiffre, des crédits nationaux d'acquisition d'oeuvres d'art et la participation de l'Etat, chaque année à hauteur d'environ 20 millions de francs, aux Fonds régionaux d'art contemporain, ont permis une véritable relance des transactions et donc une amélioration sensible de la situation des artistes.",0.494856695415479,Chirac,0.9999882062270976,Mitterrand,0.9898116288465796,Mitterrand,match_top_only
31,29,"Je sais, car ma femme a eu le privilège d'effectuer hier une première visite, que cette édition <date> a particulièrement joué la carte des jeunes galeries, et qu'elle s'est voulue encore plus accueillante aux exposants étrangers et je m'en réjouis beaucoup.",0.485261404261107,Chirac,0.9959630647849674,Mitterrand,0.8304756371262163,Mitterrand,match_top_only
322,32,"C'est comme cela qu'à la fin d'une carrière professionnelle bien remplie, un homme comme <nom> avait cet optimisme, cette joie de vivre, cet esprit de construction, en même temps que ce goût de l'amitié et de la convivialité.",0.7500031780076776,Mitterrand,0.4363456268895898,Chirac,1.0000000000000002,Mitterrand,match_low_only
322,41,"Je crois beaucoup aux valeurs de l'histoire, à la mémoire collective.",0.4898835757250278,Chirac,0.8460806415912919,Mitterrand,0.975679661608328,Mitterrand,match_top_only
324,62,"(L'assemblée - on va gagner, on va gagner !)",0.6676543619111325,Mitterrand,0.4968420565275994,Chirac,1.0,Mitterrand,match_low_only
324,63,"Merci, merci.",0.6814824590275596,Mitterrand,0.1102481019245166,Chirac,1.0,Mitterrand,match_low_only
324,64,"Je me méfie un peu de cette ritournelle car j'ai vu, à la télévision et dans les stades, beaucoup d'équipes qui disaient cela, et le résultat n'était pas assuré d'avance, d'autant plus qu'on le disait chez les supporters des deux équipes, sur le même terrain.",0.6950479725189926,Mitterrand,0.1025272229991738,Chirac,1.0,Mitterrand,match_low_only
324,65,Il y avait donc forcément quelqu'un qui avait tort !,0.7055768557335333,Mitterrand,0.1053174713557154,Chirac,1.0,Mitterrand,match_low_only
330,59,"En Charente ces investissements, pour <date>, atteindront 57 millions dont 34,4 millions à la charge de l'Etat.",0.6359421685221595,Mitterrand,0.117635051998399,Chirac,1.0000000000000002,Mitterrand,match_low_only
330,60,"Alors tout n'est pas fait, beaucoup reste à faire.",0.6681937013276403,Mitterrand,0.1233125478291837,Chirac,1.0000000000000002,Mitterrand,match_low_only
334,46,"Développer : la France est, parmi les pays qui siègent, avec le Canada, au sommet des grands pays industrialisés.",0.4877896430525913,Chirac,0.9999760852680256,Mitterrand,0.7467827289940837,Mitterrand,match_top_only
334,62,"Il y a 30 ans, il y avait aussi, par-dessus tout, s'ajoutant au handicap et à ses chaînes, la souffrance béante, alors sans remède, de celui qui était conscient de ne pas être comme les autres, mais qui ne pouvait trouver de place au milieu des hommes.",0.615513914277099,Mitterrand,0.0435176029306993,Chirac,0.9825461549903516,Mitterrand,match_low_only
334,63,"Souvenons-nous du rejet, de l'intolérance et parfois de la violence.",0.5376356411877132,Mitterrand,0.0365934625463071,Chirac,0.6479503796708376,Mitterrand,match_low_only
336,43,"Il ne fonctionne pas, ou il ne devrait pas fonctionner en circuit fermé.",0.724112584321001,Mitterrand,0.2145169468269527,Chirac,1.0000000000000002,Mitterrand,match_low_only
336,44,"Il doit être le moyen d'action des institutions dont je rappelle qu'elles sont issues du peuple, ou doivent l'être.",0.7150712262862836,Mitterrand,0.225174214416598,Chirac,1.0000000000000002,Mitterrand,match_low_only
336,45,Je ne suis pas de ceux qui pensent que l'Etat peut n'être pas nécessaire dans une démocratie.,0.7119854951866608,Mitterrand,0.0583780562954721,Chirac,1.0000000000000002,Mitterrand,match_low_only
336,46,"Je pense même au contraire qu'il est le seul moyen dont disposent les autorités élues pour appliquer leurs décisions, c'est-à-dire pour faire vivre la nation.",0.7166502190570393,Mitterrand,0.0921540520447437,Chirac,1.0000000000000002,Mitterrand,match_low_only
336,47,"C'est d'ailleurs à ce titre que le Président de la République, par l'article 5 de la Constitution, est chargé d'assurer, je cite : ""la continuité de l'Etat"".",0.7290296343876531,Mitterrand,0.1074337077126874,Chirac,1.0000000000000002,Mitterrand,match_low_only
339,32,"Réussir, c'est former les esprits, c'est ouvrir les compétences aux technologies nouvelles.",0.5174652704024815,Mitterrand,0.102633376551649,Chirac,0.012511167391226,Chirac,match_top_only
339,33,"Réussir, c'est rendre aux Français - et nous y parvenons - la confiance en demain, la fierté.",0.6074823956906195,Mitterrand,0.2542232084034576,Chirac,0.2375049891591432,Chirac,match_top_only
339,47,"Demain, avec la Grande-Bretagne, ce sera Transmanche.",0.4530196641427362,Chirac,0.7413348985787518,Mitterrand,0.9999068871073932,Mitterrand,match_top_only
339,48,Et ce n'est pas nous - nous c'est-à-dire ceux qui gouvernent depuis quatre ans qui ont fait cela - c'est la France.,0.3956329352449848,Chirac,0.9999650278734143,Mitterrand,0.998755123699362,Mitterrand,match_top_only
33,26,"Vous avez rappelé vous-même, tout à l'heure, que c'est ici, en 794, que Charlemagne a réuni en son Palais de Franconovurd un premier synode impérial.",0.4900955270215083,Chirac,0.9999675151184956,Mitterrand,0.9884646990700596,Mitterrand,match_top_only
33,39,"Francfort est, en quelque sorte également, un des livres d'heures de notre histoire de l'Europe.",0.5422478222567518,Mitterrand,0.0455475319746253,Chirac,0.999999999803547,Mitterrand,match_low_only
33,40,"Ville carrefour, son dynamisme est ancien puisque le roi de France François 1er évoquait, en 1519, je le cite, ""cette ville de commerce, la plus célèbre non seulement d'Allemagne mais de presque toute la terre"".",0.5378038389687441,Mitterrand,0.2475368909953227,Chirac,0.9999998839202442,Mitterrand,match_low_only
33,41,"Cet élan ancien, Francfort ne l'a jamais perdu.",0.5424821568376874,Mitterrand,0.3323779175185802,Chirac,0.9999943654199998,Mitterrand,match_low_only
33,44,"Comment également, en cet endroit, ne pas penser, comme vous l'avez fait, à Goethe, cet homme universel, inventant une nouvelle culture européenne ?",0.4881253624419002,Chirac,0.9998748937918548,Mitterrand,0.5544547188530644,Mitterrand,match_top_only
340,16,"Bref, j'en appelle, pour demain comme pour aujourd'hui à une démarche solidaire.",0.5434523395410235,Mitterrand,0.2296712770528921,Chirac,0.7628884918726133,Mitterrand,match_low_only
340,33,"Mais je suis fidèle, comme vous l'êtes, à la grande tradition évoquée il y a un moment par <nom> qui a voulu que depuis plus de deux siècles nous incarnions sur la surface de la planète une certaine disposition à regarder devant soi, par la conquête des libertés, par la conquête des égalités nécessaires, et par une certaine idée de l'homme dans le monde, du citoyen par -rapport à l'Etat, de la personne par -rapport à la société, un juste équilibre - j'aurai l'occasion d'en parler d'autres fois -.",0.4735921650974015,Chirac,0.99999026769596,Mitterrand,0.99306947667946,Mitterrand,match_top_only
355,120,On pourrait être tenté d'opposer ces trois termes.,0.4349589794527271,Chirac,0.9999312566818463,Mitterrand,0.0013684853536594,Chirac,match_low_only
355,121,"Dire, si l'on veut obtenir le premier résultat, qu'il faut réduire les avantages sur les autres points.",0.4832785924358231,Chirac,0.9999584853142234,Mitterrand,0.0127696564181464,Chirac,match_low_only
355,122,De même certains voudraient faire croire que les institutions sociales créent le chômage et vont jusqu'à caricaturer la solidarité en la désignant comme une charge sociale.,0.4994104977209507,Chirac,0.9999601959085372,Mitterrand,0.0681315587945748,Chirac,match_low_only
355,123,"Ce sont ces institutions pourtant, pour reprendre votre expression, monsieur le Président, qui ""amortissent"" les conséquences humaines du dérèglement des marchés.",0.4829273642074494,Chirac,0.9998446071479882,Mitterrand,0.1840638017277504,Chirac,match_low_only
355,124,La vérité est qu'il faut accepter de s'engager dans de nouvelles voies pour redonner à tous un emploi.,0.4435166085086598,Chirac,0.8659712488186431,Mitterrand,0.3658482847524237,Chirac,match_low_only
355,130,"J'en parle ici, car qui est mieux placé que la mutualité, que le mouvement mutualiste avec d'autres grands réseaux pour servir de support à cette politique.",0.5190890841355567,Mitterrand,0.4922215844846225,Chirac,0.9916563274762362,Mitterrand,match_low_only
355,140,"Et je pense comme vous, monsieur le <nom> , c'est que si nous sommes d'accord sur ces principes, nous pouvons aborder sans crainte les transformations nécessaires à l'amélioration de ce service public.",0.3132208994829128,Chirac,0.9999781114906624,Mitterrand,0.0006165423847418,Chirac,match_low_only
355,141,"N'oublions jamais que la sécurité sociale est l'instrument même de la justice sociale : pour les familles, pour ceux qui sont malades, pour ceux qui ont travaillé toute leur vie et qui ont droit à une retraite décente.",0.310673183372655,Chirac,0.9999789863851202,Mitterrand,5.076534746994987e-05,Chirac,match_low_only
355,142,"Et cela existe parce que les mutualistes, les syndicalistes, l'ensemble des mouvements de progrès ont combattu pour elle et profité à la libération, il faut le dire, de l'affaiblissement des forces adverses pour l'imposer.",0.2881405104241343,Chirac,0.9999744719575524,Mitterrand,2.7794178217854792e-06,Chirac,match_low_only
35,39,Les Français ont fait le choix du quinquennat.,0.5663931394016051,Mitterrand,0.3760879300577526,Chirac,0.0693493419375896,Chirac,match_top_only
35,51,C'est-à-dire que nous avons aligné par nos dispositions budgétaires nos décisions sur nos promesses.,0.6284694829655646,Mitterrand,0.3422361208431624,Chirac,1.0,Mitterrand,match_low_only
366,21,"Les élections régionales ont permis à trois canaques, indépendantistes, de présider les régions.",0.3546325311067984,Chirac,0.999730872644085,Mitterrand,1.0,Mitterrand,match_top_only
366,24,Ils gèrent leurs régions.,0.4406776676308163,Chirac,0.9929715513894164,Mitterrand,1.0,Mitterrand,match_top_only
367,51,"Je tiens à saluer, Monsieur le Président, votre engagement personnel en ce sens.",0.5246492006663454,Mitterrand,0.284905684449188,Chirac,0.9243862683314176,Mitterrand,match_low_only
367,60,Car les associations familiales peuvent faire partie des commissions locales du Conseil départemental d'insertion.,0.5232142874716726,Mitterrand,0.453494817225252,Chirac,0.9999999999999996,Mitterrand,match_low_only
367,61,Elles peuvent leur apporter la dimension familiale souvent indispensable aux luttes contre toutes exclusions.,0.4527192661658451,Chirac,0.9890924493270152,Mitterrand,0.9999999999999996,Mitterrand,match_top_only
367,64,C'est une action qui marque bien votre engagement.,0.4080158730801355,Chirac,0.7421793267067799,Mitterrand,0.99999999999965,Mitterrand,match_top_only
367,65,"C'est une action qui vaut bien la peine prise par vous, le temps passé, les soucis ajoutés aux autres, mais qui sont magnifiés et justifiés par la valeur qu'elles ont au regard de notre pays.",0.4286288479655337,Chirac,0.9777785001522928,Mitterrand,0.999999999899972,Mitterrand,match_top_only
367,66,"Je partage également votre préoccupation, monsieur le Président, sur le surendettement des ménages.",0.4433657284567289,Chirac,0.9900343034442428,Mitterrand,0.999999942648098,Mitterrand,match_top_only
371,98,'Suite sur le préambule de la Constitution de <date>',0.3081660109649445,Chirac,0.9999392367363158,Mitterrand,0.9800770774956404,Mitterrand,match_top_only
371,99,Je cite encore :,0.3705277032469268,Chirac,0.9972476021686734,Mitterrand,0.998838998878617,Mitterrand,match_top_only
371,101,"Elle garantit à tous, notamment à l'enfant, à la mère et aux vieux travailleurs, la protection de la santé, la sécurité matérielle, le repos et les loisirs.",0.5094546411445005,Mitterrand,0.0643438920821695,Chirac,0.999998297125412,Mitterrand,match_low_only
371,102,"Tout être humain qui, en raison de son âge, de son état physique ou mental, de la situation économique, se trouve dans l'incapacité de travailler a le droit d'obtenir de la collectivité des moyens convenables d'existence"".",0.5800288589581255,Mitterrand,0.3098978746224532,Chirac,0.9999999955909198,Mitterrand,match_low_only
371,107,"""La Nation garantit l'égal accès de l'enfant et de l'adulte à l'instruction, à la formation professionnelle et à la culture.",0.6666676952832558,Mitterrand,0.0515401404766925,Chirac,0.9999999999999998,Mitterrand,match_low_only
371,113,"""Fidèle à sa mission traditionnelle, la France entend conduire les peuples dont elle a pris la charge, à la liberté de s'administrer eux-mêmes et de gérer démocratiquement leurs propres affaires ; écartant tout système de colonisation fondé sur l'arbitraire, elle garantit à tous l'égal accès aux fonction publiques et l'exercice individuel ou collectif des droits et des libertés proclamés ou confirmés"", confirmés par ce même préambule.",0.4399230823778912,Chirac,0.999923484034572,Mitterrand,0.9999999930057006,Mitterrand,match_top_only
371,114,"J'arrête ici cette énumération mais j'ai tenu à souligner les principaux extraits pour que nous soyons conscients les uns et les autres du chemin qui reste à parcourir afin que la vie vécue par des millions des nôtres corresponde à la vie rêvée par ceux qui écrivaient : ""les hommes naissent et demeurent libres et égaux en droit.",0.3679456511899058,Chirac,0.9999351492942954,Mitterrand,0.99999517953708,Mitterrand,match_top_only
371,115,"Les distinctions sociales ne peuvent être fondées que sur l'utilité commune"".",0.2921414410138452,Chirac,0.6288049503942494,Mitterrand,0.9989483846617084,Mitterrand,match_top_only
373,25,"Le respect des droits fondamentaux, la liberté d'expression, de communication, la liberté d'aller et de venir, la recherche de l'égalité, la loi au service de tous, et, rêve peut-être plus moral que politique, la fraternité sans laquelle il serait vain d'essayer de vivre durablement ensemble.",0.5675269826085739,Mitterrand,0.3324620467357925,Chirac,0.9999999999999996,Mitterrand,match_low_only
373,26,"Au-delà de vos différences qui existent comme partout ailleurs, vous pratiquez une démocratie scrupuleuse.",0.5518075507369644,Mitterrand,0.4446130344084237,Chirac,0.9999999999999996,Mitterrand,match_low_only
373,27,Les lois de la démocratie dirigent votre société.,0.5646027694281645,Mitterrand,0.2976536117085809,Chirac,0.9999999999999996,Mitterrand,match_low_only
373,38,Nous pouvons le faire.,0.4795691963739967,Chirac,0.9999266489024636,Mitterrand,0.9407609058237646,Mitterrand,match_top_only
37,43,J'imagine vos difficultés.,0.2932082840972838,Chirac,0.6593258184419273,Mitterrand,3.951048462846885e-07,Chirac,match_low_only
37,44,"Il faut du temps, de la détermination, du savoir-faire, beaucoup d'obstination.",0.311689932703963,Chirac,0.9972227101846752,Mitterrand,7.554365995976475e-06,Chirac,match_low_only
37,45,"Il faut savoir user d'autorité à l'égard des acteurs économiques qui sont dans la place, dans la mesure où cette place là ils l'ont choisie en d'autres temps, d'incitations à l'égard des investisseurs, de persuasion à l'égard de la population appelée à consentir d'inévitables sacrifices.",0.3233878933321416,Chirac,0.999910799035712,Mitterrand,0.0001092271532969,Chirac,match_low_only
37,49,Je crois que nous ne manquerons pas pour notre compte de les encourager à s'intéresser davantage aux opportunités qu'offre votre pays.,0.3456777272652411,Chirac,0.992319972056562,Mitterrand,0.0065498398976869,Chirac,match_low_only
37,50,Mais vous les rencontrerez au cours de ce voyage et vous leur direz de quelle façon vous voyez les choses.,0.3366048983496877,Chirac,0.9997353067151636,Mitterrand,0.0156997643658138,Chirac,match_low_only
37,51,"C'est vrai que si tout n'est pas, loin de là, achevé, le chemin parcouru en quatre ans est considérable.",0.3130257183697145,Chirac,0.9958443455754082,Mitterrand,0.0198726494638085,Chirac,match_low_only
37,52,Je ne prendrai qu'un seul exemple : le secteur privé inexistant en <date> crée aujourd'hui trente pour cent de la richesse nationale.,0.2757919382791865,Chirac,0.8771265836576442,Mitterrand,0.018195801473283,Chirac,match_low_only
37,64,"En signant l'accord d'association qui vous lie à cette union, vous avez clairement manifesté le désir d'être avec nous plus encore qu'hier.",0.3348582460092708,Chirac,0.9053867757861336,Mitterrand,2.5350454202488493e-07,Chirac,match_low_only
37,66,"Les querelles du passé, les méfiances réciproques, les rancunes ne peuvent avoir cours dans cet ensemble là.",0.3938334897851193,Chirac,0.9993435953413112,Mitterrand,5.299191794261304e-07,Chirac,match_low_only
37,67,Il faut les abandonner sur le seuil.,0.4244877291521368,Chirac,0.9999561566046602,Mitterrand,5.70031863489362e-07,Chirac,match_low_only
37,68,"En attendant l'Union européenne vous aide déjà, monsieur le Président, d'ailleurs elle le doit, au moyen des divers programmes de coopération technique et financière qui sont à votre disposition.",0.4411899696282353,Chirac,0.9999844041014893,Mitterrand,5.323458479589149e-07,Chirac,match_low_only
37,69,Elle le fera de plus en plus dans l'avenir.,0.4382991006506315,Chirac,0.9999820693558852,Mitterrand,1.746611316688629e-07,Chirac,match_low_only
37,70,"En tout cas, la France y veillera.",0.4153517080244389,Chirac,0.9999700698066624,Mitterrand,5.885282172712891e-08,Chirac,match_low_only
382,68,"Alors, parce que c'est Roanne mais aussi parce que c'est Nevers, parce que c'est Déchelette, nous partageons.",0.5346165468951514,Mitterrand,0.0189302013266596,Chirac,1.7828527337448996e-05,Chirac,match_top_only
382,69,Mais c'est aussi parce que c'est le Bicentenaire.,0.5829133691080056,Mitterrand,0.0414008855891724,Chirac,0.0025786054686656,Chirac,match_top_only
382,70,C'est la célébration d'un événement majeur de l'histoire universelle.,0.6246116401592071,Mitterrand,0.3385411310386124,Chirac,0.0585533590913232,Chirac,match_top_only
382,71,"Cette Révolution est née, au fond, sans le savoir, inspirée par le bouillonnement des idées à l'époque des Lumières, sans doute aussi exigée par l'évolution d'une situation économique et financière, d'un insupportable rapport de forces entre les classes sociales.",0.65285517337892,Mitterrand,0.0849191135256944,Chirac,0.739435962176516,Mitterrand,match_low_only
382,72,"Cette Révolution donc a commencé en douceur, avec des accidents, avec des violences mais les responsables, la plupart d'entre eux, souhaitaient assurer cette transition sans drame.",0.6662699491201408,Mitterrand,0.0902881181064581,Chirac,0.974372098508712,Mitterrand,match_low_only
382,73,"Mais le drame est toujours là, à tous les rendez-vous de l'histoire.",0.6723915536564884,Mitterrand,0.4406830010743695,Chirac,0.999141677751632,Mitterrand,match_low_only
382,90,Et en 1880 - <nom> pourra me corriger - la Troisième République voulant trouver ses fondations a estimé qu'il convenait de décider une fête nationale.,0.4717822284670434,Chirac,0.9999781882961524,Mitterrand,0.9999994789724856,Mitterrand,match_top_only
382,91,"Ce fut ce 14 juillet 1790 qui apparut comme le moment du plus grand rassemblement de la Nation autour des mêmes idéaux, avant que ne se produisent d'autres événements, toujours dans la filiation des grandes idées généreuses : ce sont l'abolition des privilèges, le 4 août, et, le 26 août, l'achèvement de la mise au net de la Déclaration des Droits de l'Homme et du Citoyen.",0.3821077563065616,Chirac,0.999973540596026,Mitterrand,0.999732507784572,Mitterrand,match_top_only
386,125,"Mesdames et messieurs les préfets et les sous-préfets, ",0.3481175451419089,Chirac,0.5611189144051162,Mitterrand,9.47461495519608e-05,Chirac,match_low_only
38,22,"Alors comment ne pas parler d'abord du problème si difficile à résoudre, en tout cas le plus ancien et qui provoque plus que d'autres émotions, et débats : je veux parler du conflit israélo-arabe et de la question palestinienne.",0.4134125072321927,Chirac,0.9999670269630768,Mitterrand,0.9797134538513343,Mitterrand,match_top_only
38,23,"Vous connaissez la position des Douze, chers amis arabes.",0.4732660753577287,Chirac,0.9999658906121968,Mitterrand,0.9998527477327064,Mitterrand,match_top_only
38,30,De même nous sommes-nous réjouis lors du Conseil européen de Madrid de juin dernier du soutien apporté à ces décisions par le Sommet de Casablanca.,0.5462778615727996,Mitterrand,0.1669937520340887,Chirac,1.0,Mitterrand,match_low_only
38,32,"Nous avons estimé que la proposition d'organisation d'élections dans les territoires occupés faite par le gouvernement israélien pouvait contribuer à la paix, à la condition qu'elle s'inscrive dans un processus de règlement global, qu'elle soit mise en oeuvre avec les garanties indispensables dans l'ensemble des territoires en question, y compris Jérusalem-est.",0.5886888231219589,Mitterrand,0.4758216766283323,Chirac,0.9999999999999984,Mitterrand,match_low_only
38,33,"Mais c'est en se fondant sur les mêmes principes que la Communauté a accueilli les efforts actuels - les dix points du <nom> , les cinq points du secrétaire d'Etat américain et il y a beaucoup d'autres propositions -.",0.6158259538539385,Mitterrand,0.4893353972427161,Chirac,0.9999999999985792,Mitterrand,match_low_only
38,36,"Pendant ce semestre, les Douze européens ont poursuivi leurs efforts pour rapprocher les points de vue.",0.5987853862565824,Mitterrand,0.3396177782933722,Chirac,0.99992959366446,Mitterrand,match_low_only
38,37,"Deux missions de la Présidence du Conseil européen, qui s'appelle la Troïka, se sont rendues dans la région.",0.5591951824787209,Mitterrand,0.3637736520728931,Chirac,0.9979850865676584,Mitterrand,match_low_only
38,39,"Lors du Conseil européen de Strasbourg, nous avons ainsi décidé d'accroître, de façon substantielle, notre aide aux populations de ces territoires pour contribuer à leur développement et pour faire ce qui pouvait être fait en matière de santé, d'éducation, par exemple.",0.465905048211221,Chirac,0.9999672897843628,Mitterrand,0.724575706771097,Mitterrand,match_top_only
38,40,"La Communauté attend, à ce propos, le rapport de la Commission sur ces sujets et on sait que la Commission travaille.",0.4171640040491597,Chirac,0.9999613306595092,Mitterrand,0.5865958152848816,Mitterrand,match_top_only
408,13,"Quelques-uns d'entre eux m'ont accompagné, aujourd'hui, pour participer à cette cérémonie.",0.5308684874424989,Mitterrand,0.3470780805782577,Chirac,0.7251190038829279,Mitterrand,match_low_only
408,20,"""Au Sturm de Berlin"", ajoutait-il, ""exposent en ce moment, <nom> , <nom> , <nom> et <nom> "".",0.6827881139120352,Mitterrand,0.1379791267380055,Chirac,0.9999998370138644,Mitterrand,match_low_only
408,21,"""L'on voit"", ajoutait-il, ""moins d'oeuvres françaises à Paris qu'en Allemagne"".",0.683818945880218,Mitterrand,0.475904098612767,Chirac,0.999997992498368,Mitterrand,match_low_only
408,26,"Alors que la France était engagée, il y a 300 ans, dans une oeuvre difficile de reconstruction et de modernisation, Colmar sut inventer un "" modèle "" d'intégration, réaliser cette synthèse subtile et réussie entre histoires, cultures et traditions différentes, sans lesquelles il n'y aurait eu ni unité régionale, ni unité nationale.",0.5107417733258987,Mitterrand,0.0472364619376969,Chirac,0.4809735091933712,Chirac,match_top_only
409,41,J'ai dit familiarité.,0.3609664086101365,Chirac,0.9999293386191758,Mitterrand,0.883295805358405,Mitterrand,match_top_only
409,42,Je crois que ce mot exprime assez bien le meilleur de notre affinité.,0.4497712901158945,Chirac,0.9999874484144456,Mitterrand,0.9966836602314462,Mitterrand,match_top_only
409,58,"Elle nous appelle à définir aussi solidairement que possible une politique de -défense de nos identités culturelles, alors que foisonnent les projets : projet de séminaires des ministres de la culture d'Europe, projet d'espace audio-visuel européen, de conseil des peuples latins, de biennale méditerranéenne des arts plastiques contemporains, projet de création future à Paris d'une académie d'Italie à l'image, sans prétendre réussir cette imitation, de la Villa Médicis et de l'Ecole Française de Rome où devraient être mêlées toutes les formes de présentation des arts comme l'approche scientifique de cette forme.",0.4918760918690142,Chirac,0.9999539287782924,Mitterrand,0.9498474259606018,Mitterrand,match_top_only
409,59,Ambition enfin.,0.4045313496198211,Chirac,0.9998918248466716,Mitterrand,0.5209771185689399,Mitterrand,match_top_only
409,60,"Notre vocation n'est pas celle d'un lobby, qui défend des intérêts particuliers.",0.323587425052824,Chirac,0.915124266852326,Mitterrand,0.2005550309613248,Chirac,match_low_only
409,74,"J'ai demandé à M. <nom> de récapituler quelques-unes des idées que prône notre Conseil, et qui sont devenues celles de la francophonie.",0.2129594695414343,Chirac,0.9868713213597666,Mitterrand,0.0,Chirac,match_low_only
418,57,"Cela prouve aussi qu'on la redoute encore, ce dont j'aurais plutôt tendance à me réjouir.",0.6217439518250977,Mitterrand,0.0731760194051789,Chirac,0.5412063162464054,Mitterrand,match_low_only
418,58,"Enfin, la municipalité est l'institution qui gère la vie quotidienne.",0.5327791754300444,Mitterrand,0.0426528407712759,Chirac,0.2789333797999467,Chirac,match_top_only
420,12,"Et l'Espagne, qui a pour la première fois assumé la Présidence des Communautés pour les six mois qui viennent, et la France, qui lui succèdera, et les autres par la suite s'emploieront à ce qu'un élan décisif soit pris dans plusieurs domaines bien concrets, monétaire, fiscal, social, culturel, et je l'espère, j'y reviendrai dans un moment, protection de l'environnement.",0.4994785761919548,Chirac,0.9999806774993876,Mitterrand,0.5477696901571935,Mitterrand,match_top_only
420,13,"En ce lieu, en cet instant, notre pensée va à toutes celles et à tous ceux qui ont donné leur vie pour la patrie, pour que la France soit libre, pour que la France soit forte, pour que la France rayonne dans le monde.",0.4392217122053086,Chirac,0.7011476223034384,Mitterrand,0.2771710042137942,Chirac,match_low_only
421,122,"Faute d'humanité, parfois.",0.4950648686373436,Chirac,0.9999654934940416,Mitterrand,0.991744470615768,Mitterrand,match_top_only
424,23,"On peut dire de <nom> que, bien que né dans cette province, il restait une sorte de campagnard.",0.471334858209197,Chirac,0.999954362200254,Mitterrand,0.9740401361163462,Mitterrand,match_top_only
424,31,"Bref, rien n'est jamais acquis.",0.5989182065564587,Mitterrand,0.1301560973870219,Chirac,0.9999999999999998,Mitterrand,match_low_only
424,32,"Rien n'est jamais acquis pour un paysan quand l'orage peut saccager en quelques instants la récolte, quand la grêle vient cisailler la vigne.",0.5616909197702383,Mitterrand,0.1874803416468781,Chirac,0.9999999999999998,Mitterrand,match_low_only
424,34,"On retrouve les mêmes vertus dans la mine, ici, à l'usine, là, dans tous les domaines où s'exerce l'activité humaine.",0.5273407606130913,Mitterrand,0.2540619697318574,Chirac,0.9999999999999998,Mitterrand,match_low_only
424,36,"<nom> avait une grande force poétique, pour lui, la nature était un bonheur de l'esprit et un bonheur du corps.",0.5393337541219637,Mitterrand,0.1574052855718458,Chirac,0.999999999969581,Mitterrand,match_low_only
424,37,"Les infinies possibilités humaines, il y croyait.",0.5496371083019428,Mitterrand,0.0985994116918265,Chirac,0.9999999978636328,Mitterrand,match_low_only
424,38,C'était un homme d'espérance et d'optimisme et il s'émouvait à regarder autour de lui les choses vivre.,0.5524388375019543,Mitterrand,0.0771039716487388,Chirac,0.9999997182434328,Mitterrand,match_low_only
424,39,"Voilà comment s'est créée cette alliance entre les choses si belles mais si rudes et l'homme qui, lui, doit inventer, travailler, façonner, transformer et produire.",0.5402190435956684,Mitterrand,0.3521226669772735,Chirac,0.999992673046916,Mitterrand,match_low_only
424,40,"C'est la geste racontée du travail des hommes sur la terre et qui se trouve à l'origine d'une explication de la société qui a inspiré plus tard <nom> , lorsque, non seulement il adhéra au socialisme, mais lorsqu'il en représenta la figure de proue.",0.5050802322153138,Mitterrand,0.1116691209804223,Chirac,0.9998413273886784,Mitterrand,match_low_only
424,41,"Mais je retiens ces mots que l'on peut retrouver dans l'oeuvre de <nom> ""je suis"", disait-il, grâce à ma chance et à mes parents, ""un paysan cultivé"".",0.4489956000855189,Chirac,0.5334830747450706,Mitterrand,0.9977906814577596,Mitterrand,match_top_only
428,18,Mais il faut à la France de nouveaux horizons.,0.4932798236198162,Chirac,0.9999718106718368,Mitterrand,0.9733016888056144,Mitterrand,match_top_only
428,30,"Il faudrait, en effet, une présidence plus durable.",0.486178839636817,Chirac,0.999973756606143,Mitterrand,0.999944111288758,Mitterrand,match_top_only
429,31,"Vous voici rayonnant, et je me réjouis que l'Académie ait su reconnaître, derrière votre modestie, le héraut de la fraternité qui se bat jour après jour, pacifiquement et avec obstination, pour rendre leur dignité à ceux qui croient l'avoir perdue, pour les rendre maître de leur destin, pour leur ouvrir un chemin de liberté et de bonheur qu'ils n'osaient pas même imaginer.",0.5400465503481399,Mitterrand,0.08215868504847,Chirac,0.5827516213269753,Mitterrand,match_low_only
429,48,"Comment ne pas évoquer, en vous voyant, les figures, je vous l'ai déjà dit, de Saint-Vincent-de-Paul ou de <nom> , si chères aux Français ?",0.6081369033183085,Mitterrand,0.2698758264652456,Chirac,1.0000000000000002,Mitterrand,match_low_only
429,49,"En Inde, on dit de vous que vous êtes une légende.",0.5573065840451182,Mitterrand,0.0389090049802257,Chirac,1.0000000000000002,Mitterrand,match_low_only
429,50,Je l'ai bien souvent entendu dire.,0.5140629840867732,Mitterrand,0.0502518108841101,Chirac,1.0000000000000002,Mitterrand,match_low_only
438,16,Je n'ouvrirai pas la polémique inutile sur la façon dont les pays africains doivent accéder à la démocratie.,0.5535203095214296,Mitterrand,0.0830682559397289,Chirac,0.9998762810870524,Mitterrand,match_low_only
438,27,"Il faudra bien finir par s'asseoir autour de la même table, passer des compromis, rechercher les indispensables garanties internationales.",0.5499815582916652,Mitterrand,0.2193546385408948,Chirac,0.9986166433291772,Mitterrand,match_low_only
438,40,"Moi-même, j'ai toujours dit qu'on ne pouvait opposer d'autres manières de faire que la fermeté, le refus de céder, la solidarité avec les Etats visés par le terrorisme, la condamnation absolue des prises d'otages.",0.490635395312912,Chirac,0.9999098570250065,Mitterrand,0.001768740038874,Chirac,match_low_only
440,28,"Nous pouvons je crois être fier du chemin parcouru en dépit des obstacles, des difficultés - ils n'ont pas manqué - nous les avons cependant surmontés.",0.4980313069262265,Chirac,0.9999796619761112,Mitterrand,0.9984936954169814,Mitterrand,match_top_only
440,29,La France vient d'achever sa Présidence de la Communauté.,0.4989893903426277,Chirac,0.9999902909471724,Mitterrand,0.9999051885417696,Mitterrand,match_top_only
440,30,"Ce sera la vôtre bientôt, à compter du 1er juillet de cette année <date>.",0.4909172083145413,Chirac,0.9999875052276376,Mitterrand,0.9999914091537496,Mitterrand,match_top_only
440,31,"Nous avons mûri les mêmes dessins, montré la même détermination, et une sorte de relais s'est établi entre nous, dans l'étude des grandes dossiers, afin de les faire progresser et de faire marcher notre imagination pour trouver d'autres itinéraires.",0.4805053373194264,Chirac,0.9999890705964738,Mitterrand,0.999999216216072,Mitterrand,match_top_only
440,32,"Pensons à l'Union économique et monétaire pour laquelle une conférence préparatoire, nous l'avons décidé à Strasbourg, s'ouvrira dans quelques mois sous la Présidence italienne, et à la réalisation, à travers de multiples réglementations, du grand marché intérieur.",0.4729076998998177,Chirac,0.9998015922704312,Mitterrand,0.9999999583976088,Mitterrand,match_top_only
440,33,"Mais il s'agit aussi, car l'Europe ne saurait être simplement affaire de marché, d'adopter, de donner un contenu plus riche à la Charte sociale qui devra faire l'objet de directives d'application, et de développer des programmes communs en matière d'éducation, de formation, de recherche, de protection de l'environnement, ou bien de l'audiovisuel.",0.4721620493073913,Chirac,0.9825602621815754,Mitterrand,0.9999999394312312,Mitterrand,match_top_only
440,34,"Sur tous ces plans, un travail approfondi s'accomplit, et l'oeuvre de la Commission et de son Président doivent être saluée.",0.4749206902726632,Chirac,0.9576931886394976,Mitterrand,0.9999979970678612,Mitterrand,match_top_only
440,35,Il n'empêche qu'il reste beaucoup à faire pour parvenir à l'application intégrale de l'Acte unique qui reste notre objectif.,0.4723738065879136,Chirac,0.9995002812910916,Mitterrand,0.9999460977506472,Mitterrand,match_top_only
440,36,"Je suis certain que votre pays, lorsqu'il occupera la Présidence, s'y emploiera avec la foi qui l'a toujours animé dans les destins de l'Europe et qui se nourrit, ce qui n'est pas si commun, de l'adhésion très large, très profonde du peuple italien, comme l'a montré le référendum que vous avez organisé en juin dernier, exemple unique dans la Communauté.",0.4558446377231801,Chirac,0.9998767029995224,Mitterrand,0.99812601456973,Mitterrand,match_top_only
440,37,"D'avance, je forme des voeux pour le succès, monsieur le Président, de votre mission, de celle du gouvernement de la République italienne et croyez-moi je vous assure à l'avance, sans prendre de risque, de l'appui de la France.",0.4224915497993515,Chirac,0.9999647076599704,Mitterrand,0.9762391378091624,Mitterrand,match_top_only
447,28,"Voilà quelques domaines que j'ai voulu aborder et je m'en voudrais si je ne vous disais pas que je suis très sensible à une solidarité particulière qui n'est pas partagée par tous, mais par beaucoup de vos compatriotes, la solidarité dans l'usage de la langue française.",0.5020137775481159,Mitterrand,0.0610561434384198,Chirac,0.9230142733133976,Mitterrand,match_low_only
447,29,"Nous sommes, vous et nous, membres de la francophonie, je sais bien, et c'est bien votre droit, que nombre de Bulgares ne pratiquent pas notre langue, mais je ne savais pas naguère qu'autant de Bulgares étaient à ce point initiés aux cultures occidentales, et en particulier à la nôtre, c'est très important puisque cela crée une sorte de fraternité d'une nature particulière.",0.5876757543341982,Mitterrand,0.067566257415014,Chirac,0.9981137462231928,Mitterrand,match_low_only
447,30,"L'inauguration en janvier <date> de l'Institut français de Sofia, qui compte aujourd'hui 4800 adhérents, et 520 élèves, a permis de compléter un réseau très dense et très actif d'alliance française.",0.6603446544609313,Mitterrand,0.1635696257867444,Chirac,0.9998975768539184,Mitterrand,match_low_only
456,16,"Cette même année, vous êtes élu archevêque anglican du Cap.",0.5512010235746976,Mitterrand,0.2825954848809857,Chirac,0.9955461385705184,Mitterrand,match_low_only
456,32,Ils vous voient aussi en tête des marches de protestation pacifique qui vous valent d'être pris à partie par la police anti-émeutes devant une église de Gugulethu.,0.4336239478721665,Chirac,0.6568669666918749,Mitterrand,0.9906672313872812,Mitterrand,match_top_only
45,76,"Vous avez adhéré à un ensemble de principes, à une communauté de valeurs, à un projet politique sans lequel l'Europe ne serait qu'une bureaucratie raffinée mais dérisoire.",0.5132700468045995,Mitterrand,0.0395009705832467,Chirac,0.7080185247656362,Mitterrand,match_low_only
45,77,Il reste beaucoup à faire pour cette aventure dans laquelle nous nous sommes engagés.,0.5510477967729174,Mitterrand,0.1399310830675082,Chirac,0.9701483090273588,Mitterrand,match_low_only
45,83,"Aujourd'hui, il est clair que nos pays manifestent ou démontrent la même volonté de faire progresser ce qui est aujourd'hui notre tâche principale, l'Union économique et monétaire.",0.4493361556732572,Chirac,0.6598749488003914,Mitterrand,0.9999999999941832,Mitterrand,match_top_only
45,86,"Aussi devons-nous nous y préparer, avec souplesse quant aux méthodes mais avec énergie quant aux objectifs.",0.4045519090346202,Chirac,0.9999558914065064,Mitterrand,0.9999999999999992,Mitterrand,match_top_only
45,87,"Comme la France, le Portugal tient à ce qu'avance parallèlement la construction de l'Europe sociale.",0.4376648913077735,Chirac,0.9999542004814,Mitterrand,0.9999999999999992,Mitterrand,match_top_only
45,88,"Il ne serait pas concevable que les questions d'hygiène et de sécurité dans le travail, de conditions de travail, de protection sociale, que sais-je, soient rangées dans la catégorie ""A traiter plus tard"", où, pis, ""A évacuer au plus vite"".",0.4807883471025478,Chirac,0.999964834341422,Mitterrand,0.9999999999999992,Mitterrand,match_top_only
460,31,"Le Président <nom> , qui porte toute la responsabilité de cette situation, doit néanmoins savoir qu'il peut à tout moment revenir à la table de négociation pour signer l'accord de paix.",0.6028423009993111,Mitterrand,0.2914671408841897,Chirac,0.5975299037360263,Mitterrand,match_low_only
460,32,"Parce qu'il s'agit de la paix sur notre continent, parce qu'il s'agit des droits de l'homme sur notre continent, je sais que les Françaises et les Français comprendront que nous devions agir.",0.502809339761913,Mitterrand,0.0438138598287769,Chirac,0.0936621587778614,Chirac,match_top_only
461,18,Quelles promesses serai-je venu vous adresser ? Aucune.,0.4811046452469086,Chirac,0.9999901235484678,Mitterrand,0.9525303965910218,Mitterrand,match_top_only
461,33,"Tenir des propos très durs dans un environ amical, ce n'est pas toujours ce qui est le plus facile.",0.6776022275288603,Mitterrand,0.2948794614174179,Chirac,1.0000000000000004,Mitterrand,match_low_only
462,36,"Nos relations politiques, et j'en terminerai par-là, sont tout à fait excellentes et nous ne pouvons que nous en réjouir.",0.5356379190636504,Mitterrand,0.1997626616419133,Chirac,0.9739578320733798,Mitterrand,match_low_only
463,18,"Et aussitôt, lorsque l'on s'interroge, les questions fusent.",0.5519041303115484,Mitterrand,0.0242987095998063,Chirac,0.0,Chirac,match_top_only
463,19,Sommes-nous restés fidèles à nos propres cultures et aux valeurs qui les sous-tendent ?,0.6124035125405062,Mitterrand,0.0446081982076315,Chirac,0.0,Chirac,match_top_only
463,20,"L'Occident a-t-il donné le sentiment d'imposer une culture dominante, essentiellement matérialiste, vécue comme agressive puisque la plus grande partie de l'humanité l'observe, la côtoie sans y avoir accès ?",0.6398112458500395,Mitterrand,0.0499336057648083,Chirac,0.0,Chirac,match_top_only
463,21,"Est-ce que certains de nos grands débats culturels ne sont pas parfois apparus comme des débats de nantis, ethnocentrés, qui laissaient de côté les réalités sociales et spirituelles de ce qui n'était pas l'Occident ?",0.631495228135297,Mitterrand,0.0420348695970704,Chirac,0.0,Chirac,match_top_only
463,22,Jusqu'où une civilisation peut-elle vouloir exporter ses valeurs ?,0.5915084020514402,Mitterrand,0.0357969727382886,Chirac,0.0,Chirac,match_top_only
463,23,"La réponse à cela, nous la vivons dans nos traditions, nous la sentons dans nos coeurs et dans notre raison, c'est le dialogue des cultures, gage de paix alors que le destin des peuples se mêle comme jamais.",0.5295778308262241,Mitterrand,0.0396080602578367,Chirac,0.0,Chirac,match_top_only
463,45,"Monsieur le maire ' <nom> ', vous m'avez accueilli donc pour la deuxième fois, à ce titre puisque je suis venu d'autres fois à Figeac.",0.3741881401271095,Chirac,0.9998043276852504,Mitterrand,0.2318132808509559,Chirac,match_low_only
463,46,Je vous en remercie.,0.4488047696857633,Chirac,0.999890507183346,Mitterrand,0.4811167514587384,Chirac,match_low_only
463,57,"Et l'écriture des pharaons, celle qui leur avait permis de communiquer, d'ordonner, d'administrer et d'abord naturellement de tirer au mieux partie des crues du Nil, cette écriture-là, l'une des plus anciennes du monde et des plus nobles, paraissait morte à jamais.",0.7168396691412511,Mitterrand,0.3598732043667895,Chirac,1.0,Mitterrand,match_low_only
463,65,"<nom> , médecin et physicien anglais, s'est lancé dans l'aventure, sans succès.",0.5860579557772421,Mitterrand,0.1443552624393535,Chirac,1.0,Mitterrand,match_low_only
463,73,Je pense aux différentes langues du monde qui sont aujourd'hui près de cinq mille.,0.5712761005051329,Mitterrand,0.3065876061886654,Chirac,1.0,Mitterrand,match_low_only
463,74,Nous savons qu'il en disparaîtra la moitié au cours de ce siècle si rien n'est fait pour les sauvegarder.,0.503702488313379,Mitterrand,0.041185999802211,Chirac,0.9999999999999996,Mitterrand,match_low_only
473,8,Alors je vous remercie de l'effort que vous voulez bien faire dans ce domaine.,0.351513859573793,Chirac,0.6923587442014827,Mitterrand,0.0003404729395266,Chirac,match_low_only
473,32,"Tout se conjugue pour placer le créateur face à des interrogations fortes, entre espoir et inquiétude : quelle va être, à l'aube du Troisième Millénaire, la fonction de l'auteur ?",0.5147440217200877,Mitterrand,0.0425729410211299,Chirac,2.1658341786690016e-11,Chirac,match_top_only
473,33,-C'était l'objet même de votre colloque-.,0.5241121527536783,Mitterrand,0.0278497809928972,Chirac,2.441502555683428e-11,Chirac,match_top_only
473,34,Comment l'oeuvre va-t-elle vivre dans la future société de communication ?,0.5127557949534608,Mitterrand,0.0206249554190806,Chirac,4.5067394260911435e-11,Chirac,match_top_only
473,65,La position de la France est donc claire.,0.2924372481536659,Chirac,0.7824354222559816,Mitterrand,5.645935654996492e-06,Chirac,match_low_only
477,8,On pouvait s'interroger sur la nécessité de poursuivre dans cette voie.,0.5418955203187287,Mitterrand,0.0482416049139823,Chirac,0.0,Chirac,match_top_only
477,9,"Il y avait naturellement des critiques, il y avait beaucoup de jeunes qui se disaient qu'ils perdaient un peu leur temps, d'autres qui étaient satisfaits.",0.5866479291926999,Mitterrand,0.0468900464630669,Chirac,0.0,Chirac,match_top_only
477,10,"Mais il y avait surtout ceux qui, dans notre pays, disaient : ""le service militaire c'est nécessaire pour la cohésion nationale, c'est un moyen de mettre ensemble les garçons issus de milieux et d'origines géographiques, culturelles, sociales différents et de faire en sorte qu'ils se connaissent, qu'ils soient ensemble"" et ce que l'on appelait la fraternité des casernes était considérée par beaucoup comme un élément important de la cohésion nationale.",0.6262779625081517,Mitterrand,0.0534765614263796,Chirac,0.0,Chirac,match_top_only
477,11,Cet argument était celui de beaucoup de conservateurs.,0.6575502105731899,Mitterrand,0.0595162439507717,Chirac,0.0,Chirac,match_top_only
477,12,"Les conservateurs ont toujours des arguments forts, il faut en tenir compte.",0.6786072289705387,Mitterrand,0.0776535578694782,Chirac,0.0,Chirac,match_top_only
477,13,"D'autre part, il m'était apparu que tout cela, au fond, appartenait un peu à une conception dépassée de la défense, et faisait peser au total sur les jeunes une contrainte obligatoire et excessive qui n'était pas justifiée, ou qui ne l'était plus.",0.6879512764393171,Mitterrand,0.1985564961669269,Chirac,0.0,Chirac,match_top_only
477,14,"L'armée moderne n'est naturellement pas celle dont on avait besoin en <date> ou <date>, ou même après, au moment des guerres de décolonisation en Algérie ou autres.",0.6877361892815533,Mitterrand,0.0833186189213637,Chirac,0.0,Chirac,match_top_only
477,15,"Tout cela justifiait que l'on passe 1 an ou 2, voire plus, de service militaire, parfois 3 ans au début du siècle, 2 ans et demi pendant la période de la guerre d'Algérie pour certains.",0.6818365021263798,Mitterrand,0.0641261382039119,Chirac,0.0,Chirac,match_top_only
477,16,L'évolution des choses mettait cela en cause.,0.6772954895764107,Mitterrand,0.0788759962883441,Chirac,0.0,Chirac,match_top_only
477,17,"L'évolution, c'était d'abord l'installation de la paix en Europe.",0.6791816428125841,Mitterrand,0.4696901938238568,Chirac,0.0,Chirac,match_top_only
477,23,"Il y avait aussi, naturellement, l'armement qui avait beaucoup changé, les techniques militaires qui s'étaient profondément transformées.",0.6616664609219873,Mitterrand,0.062619485611377,Chirac,0.0,Chirac,match_top_only
477,24,"Aujourd'hui, une opération militaire -la guerre le cas échéant- mobilise des hommes et des femmes qui ont une très haute compétence, qui sont aptes à utiliser des moyens extraordinairement sophistiqués, qui sont totalement disponibles et prêts à faire mouvement immédiatement et qui n'ont besoin d'aucune formation préalable pour le faire.",0.6413954854221452,Mitterrand,0.0265306159234101,Chirac,0.0,Chirac,match_top_only
477,25,C'est donc un autre type de besoin que nous avons et qui ne correspond plus au service militaire tel qu'on le concevait avant.,0.6279036687205242,Mitterrand,0.0319733831258553,Chirac,1.1102230246251563e-16,Chirac,match_top_only
477,26,"C'est donc une armée professionnelle qu'il nous faut, c'est une armée de métier, ce sont des vrais professionnels.",0.6254557696797396,Mitterrand,0.0394461081394185,Chirac,1.1102230246251563e-16,Chirac,match_top_only
477,27,"A partir de cette réflexion, j'ai pensé que finalement, quels que soient les arguments, de nature sociale ou nationale qui plaidaient en faveur du service militaire, ce n'était plus adapté et j'ai décidé de le supprimer.",0.6359182302312271,Mitterrand,0.058293219519025,Chirac,1.1102230246251563e-16,Chirac,match_top_only
477,28,"Mais la suppression du service militaire, cela ne veut pas dire la suppression de tout lien entre la jeunesse et l'armée.",0.6551930322703825,Mitterrand,0.0532934051063357,Chirac,1.1102230246251563e-16,Chirac,match_top_only
477,29,Il faut que les jeunes sachent ce que c'est que leur armée.,0.6780542977461088,Mitterrand,0.4491360866271605,Chirac,2.220446049250313e-16,Chirac,match_top_only
477,36,"Lorsque la Bosnie s'engage dans une opération suicidaire, qui fait des quantités de morts, il faut que la France, comme d'autres, puisse aller maintenir un peu l'ordre pour éviter les carnages.",0.7360814067377403,Mitterrand,0.331004678535378,Chirac,1.1213252548714081e-13,Chirac,match_top_only
477,37,"C'est la même chose aujourd'hui, peut-être -on ne sait pas, j'espère que non- dans le Kosovo.",0.7367937996146041,Mitterrand,0.1434590063378845,Chirac,1.0236256287043945e-12,Chirac,match_top_only
477,38,"Et tout cela, c'est aux portes de l'Europe, c'est à moins de deux heures de chez nous en avion.",0.7315218314134061,Mitterrand,0.1009293994837959,Chirac,1.2735590360080096e-11,Chirac,match_top_only
477,39,"Lorsqu'il y a des problèmes, hélas, en Afrique et cela arrive même si l'Afrique est sur la bonne voie, il faut que nous ayons la possibilité, en quelques heures, d'aller récupérer des Français ou des ressortissants d'autres pays qui sont là-bas et qui sont menacés dans leur vie, et qu'il faut extraire très rapidement.",0.7217168735869436,Mitterrand,0.0884460606347561,Chirac,1.7133727769902407e-10,Chirac,match_top_only
477,40,"Cela demande une armée qui soit non seulement capable et équipée, mais qui soit aussi connue, respectée et aimée.",0.7082464810332231,Mitterrand,0.1423571606337055,Chirac,2.1629950053281273e-09,Chirac,match_top_only
477,41,"D'où, naturellement, l'idée que les jeunes doivent connaître leur armée, doivent savoir ce qu'elle est, et quand je dis les jeunes c'est en réalité aujourd'hui les garçons comme les filles.",0.6968141124292471,Mitterrand,0.0887440565742761,Chirac,5.0044219657152667e-08,Chirac,match_top_only
477,42,"Alors pour le moment et pour des raisons matérielles, techniques, les filles ne sont pas soumises à la même obligation que les garçons, mais dès <date>, le temps de mettre les choses en place, les garçons et les filles seront sur le même pied, auront les mêmes droits et devoirs, les mêmes obligations.",0.6913569525603336,Mitterrand,0.1101095804923709,Chirac,7.685445364558063e-07,Chirac,match_top_only
477,43,"Ce sera de ce point de vue une bonne chose, parce qu'il n'y a aucune raison que la prise de conscience des problèmes de la Défense, notamment de la défense de nos intérêts, de nos valeurs, de la liberté, de la dignité de l'homme, de l'égalité, il n'y a aucune raison qu'elle ne soit pas défendue de la même façon par les filles et par les garçons.",0.6915864783992448,Mitterrand,0.0783415159331457,Chirac,1.701186444069691e-05,Chirac,match_top_only
477,45,"Elle ne vous demande pas d'obligation, ou très peu.",0.7080897319598428,Mitterrand,0.4305634675257625,Chirac,0.0004607221727809,Chirac,match_top_only
477,46,Elle vous demande de venir passer une journée.,0.7223627317496668,Mitterrand,0.1525095081035342,Chirac,0.0019731471816512,Chirac,match_top_only
477,47,"C'est une journée d'information, de mobilisation, qui est de nature à vous permettre d'apprécier le cas échéant les choses et, pour ceux que cela intéresse, de les approfondir.",0.7407253602557513,Mitterrand,0.1978726704853842,Chirac,0.0088732542749673,Chirac,match_top_only
477,75,"Il y en a probablement parmi vous, ou parmi tous ceux qui se présenteront aujourd'hui pour la journée d'information, qui voudront être militaires.",0.4242810203761559,Chirac,0.9998477302839294,Mitterrand,1.0000000000000002,Mitterrand,match_top_only
477,80,"J'ajoute que pour eux, ce sera aussi la possibilité d'acquérir une expérience, et parfois un métier, et de sortir de cette période avec la possibilité ou la capacité d'exercer un métier qu'ils auront appris.",0.5085974596291102,Mitterrand,0.057001469195869,Chirac,0.999999999991728,Mitterrand,match_low_only
477,81,"Il y aura ceux qui s'intéressent à l'armée, sans vouloir en faire leur métier.",0.5858005663675214,Mitterrand,0.09425677228136,Chirac,0.9999999998394952,Mitterrand,match_low_only
477,82,"L'armée aura besoin de réservistes, beaucoup moins qu'avant, alors il y en a peut-être qui veulent ou qui voudront, parce que cela les intéresse, acquérir le minimum de connaissances leur permettant d'être versé dans ce que l'on appelle ""les réserves"" et le cas échéant d'être réservistes.",0.6473985271028981,Mitterrand,0.1739014148783097,Chirac,0.9999999879586288,Mitterrand,match_low_only
477,83,"Je ne veux pas entrer dans le détail, vous aurez toute la journée pour en entendre parler, mais l'objectif de cette journée est de vous faire comprendre que l'armée est l'une des institutions les plus nobles et les plus nécessaires de la Nation et qu'il faut la connaître.",0.685978395864461,Mitterrand,0.164759969172205,Chirac,0.9999992421437646,Mitterrand,match_low_only
477,84,"Parfois on a un peu tendance à la critiquer, sans savoir.",0.7011350886036066,Mitterrand,0.0843271993342284,Chirac,0.999978902853102,Mitterrand,match_low_only
477,85,"Il faut la connaître parce qu'elle fait des choses formidables, notamment, je le répète, dans le monde moderne sur le plan humanitaire et enfin parce que c'est le dernier rempart de notre sécurité, de nos libertés, de nos intérêts, si par hasard les choses vont mal.",0.6961440243298116,Mitterrand,0.1067638836221909,Chirac,0.999214931083584,Mitterrand,match_low_only
477,86,"Alors elle mérite d'être respectée, elle a droit au respect.",0.6762930376987532,Mitterrand,0.1626265554943705,Chirac,0.992605592402265,Mitterrand,match_low_only
477,87,Mais encore faut-il savoir pourquoi et c'est cela que l'on va vous dire.,0.6453229337744629,Mitterrand,0.2512545102675341,Chirac,0.9453283435916864,Mitterrand,match_low_only
477,88,"D'autre part, on veut vous ouvrir les voies et les possibilités que, directement ou indirectement, cette armée peut vous donner et enfin vous rappeler quels sont les principes que nous avons en commun, les principes de solidarité, les principes de respect de l'homme, de sa dignité, de l'égalité des uns et des autres, et tout cela est également important.",0.6027256061677722,Mitterrand,0.1988407337751736,Chirac,0.8012294201637508,Mitterrand,match_low_only
477,89,Voilà.,0.547184601348205,Mitterrand,0.1058470915766514,Chirac,0.5722717513201342,Mitterrand,match_low_only
47,46,La responsabilité partagée qui ne fonctionne heureusement qu'au prix d'un vrai dialogue.,0.4692537646076371,Chirac,0.9875746493245832,Mitterrand,0.9992099256665958,Mitterrand,match_top_only
481,4,"Il m'a dit, oui, mais je ne le prononcerai que si toi tu en as un d'écrit aussi, sinon j'improviserai.",0.5047530389720338,Mitterrand,0.0352006564869876,Chirac,0.0,Chirac,match_top_only
481,5,"Alors, moi j'en avais un d'écrit, je l'avais dans ma poche, je l'ai donné à notre excellent chef du protocole, je lui ai dit, on improvisera, parce qu'il vaut mieux parler avec le coeur que la plume de ses conseillers, si bons soient-ils.",0.5276900723450781,Mitterrand,0.304941654067597,Chirac,0.0,Chirac,match_top_only
481,6,"Je voudrais d'abord saluer, Monsieur l'ambassadeur, tous nos hôtes ce soir et leur dire combien j'ai été sensible à l'accueil que, une fois encore, le Sénégal m'a réservé et notamment combien j'ai été sensible à l'accueil du président de la République, nous nous connaissons depuis fort longtemps.",0.5303750374315871,Mitterrand,0.0339136561636516,Chirac,0.0,Chirac,match_top_only
481,7,"Je suis heureux de saluer ici les hautes autorités civiles et militaires du Sénégal, et vous me permettrez, il ne faut jamais citer de noms parce que dès l'on commence à citer un nom on fait des mécontents, et bien moi je vais faire deux exceptions équilibrées, une française et une sénégalaise.",0.5243559746695464,Mitterrand,0.0265421744448278,Chirac,0.0,Chirac,match_top_only
481,8,"La française, c'est pour dire à <nom> combien je suis heureux qu'il soit ici avec nous, je l'ai dit il avait fait le premier voyage en Afrique du <nom> , il a fait le premier voyage en Afrique du <nom> et il fait le premier voyage en Afrique que j'ai voulu effectuer, naturellement, très rapidement après mon élection, marquant ainsi d'une part une fidélité, d'autre part une volonté, j'y reviendrai d'un mot tout à l'heure.",0.5189295724569227,Mitterrand,0.0240865226576232,Chirac,0.0,Chirac,match_top_only
481,9,Je suis heureux qu'il soit là.,0.5213665138118605,Mitterrand,0.0296354133609237,Chirac,0.0,Chirac,match_top_only
481,10,C'est pour moi quelque chose à la fois de réconfortant qui marque la continuité et puis aussi l'affection.,0.5329777254305311,Mitterrand,0.030980291876652,Chirac,0.0,Chirac,match_top_only
481,11,"Et puis, je voudrais saluer le maire de Dakar, parce que c'est un vieil ami à moi, complice dans bien des actions de l'Association des maires francophones, dont-il est le vice-président éminent et actif et qui, lorsque j'ai quitté mes fonctions lors d'une réunion à Aoste, il y a quelques jours, a bien voulu au nom de tous nos collègues m'offrir un superbe masque, il connaissait mes goûts et j'y ai été très sensible, mon cher Mamadou.",0.5504698584662314,Mitterrand,0.0646725170140008,Chirac,0.0,Chirac,match_top_only
481,12,"Mon cher Abdou, je n'évoquerai pas nos liens personnels, ils sont anciens, j'ai connu Yassine toute petite et l'histoire que j'ai un peu forgée et que tu as admise et elle aussi veut que je présente une caractéristique assez exceptionnelle, je suis le parrain catholique d'une musulmane.",0.5654383321928641,Mitterrand,0.0693652777336121,Chirac,0.0,Chirac,match_top_only
481,13,Cela n'est pas tellement courant.,0.5699593953291316,Mitterrand,0.3195631400065052,Chirac,0.0,Chirac,match_top_only
481,14,"Je m'en suis d'ailleurs ouvert au Saint-Père à l'occasion d'un voyage que je faisais au Vatican et il m'a en quelque sorte, absous.",0.5611569741888419,Mitterrand,0.1656373408635994,Chirac,0.0,Chirac,match_top_only
481,16,"Je voudrais dire aussi que j'ai voulu faire ce premier voyage à l'extérieur des frontières en dehors des réunions multilatérales, premier voyage bilatéral en Afrique, le plus vite possible après mon élection.",0.5193989444256054,Mitterrand,0.3156963999260544,Chirac,0.0,Chirac,match_top_only
481,46,"Si on ne le faisait pas, il y aurait sans aucun doute une véritable déstabilisation internationale qui résulterait de l'incapacité où nous serions de maîtriser les populations qui seraient à la recherche d'une possibilité de vivre décemment et qui ne la trouveraient pas chez elle.",0.526041988307709,Mitterrand,0.0694528468546739,Chirac,0.0014109802747263,Chirac,match_top_only
481,47,Tout conduit donc à faire du développement le grand combat de cette prochaine décennie ou de ces deux prochaines décennies.,0.5679143453180766,Mitterrand,0.0697982618328458,Chirac,0.0181233308742875,Chirac,match_top_only
481,48,"Il y va à la fois de l'honneur des hommes, de la démocratie, des valeurs auxquelles petit à petit tout le monde s'attache, et puis il y va de la stabilité du globe.",0.6241004749136336,Mitterrand,0.2114806167299222,Chirac,0.0603548545257577,Chirac,match_top_only
481,77,"J'entends, pour ma part, que la France apporte sa part à ce combat et je ne cesserai pendant ce septennat à la fois de me battre pour le développement et de condamner ceux qui baissent les bras ou ceux qui, hypocritement, se désengagent, et de ce point de vue, vous pouvez être assurés que je serai à vos côtés, et notamment cela va de soi car il faut faire des choix, - une famille comporte des frères, des cousins, des amis -, et notamment naturellement aux côtés de la famille francophone à laquelle nous lient bien sûr des liens particulièrement forts.",0.5952324016542941,Mitterrand,0.1413372153024288,Chirac,0.9998859835112062,Mitterrand,match_low_only
481,78,"Voilà, mon cher Abdou, quelques réflexions, je n'ai pas ici l'impression vraiment de m'exprimer devant des étrangers, j'ai l'impression de m'exprimer dans ma famille, et cela peut vous paraître peut-être excessif, ne croyez pas que je veuille par là même faire la moindre ingérence dans les affaires du Sénégal.",0.5030613973318291,Mitterrand,0.0565483631775126,Chirac,0.9862257067232968,Mitterrand,match_low_only
483,63,"Certes, les analyses de la crise de <date> sont multiples et je sais que les solutions sont complexes.",0.5172389110466088,Mitterrand,0.0444016760003495,Chirac,0.0,Chirac,match_top_only
483,64,"Pour ces raisons, tout accord est difficile.",0.5350688730219321,Mitterrand,0.0428395068184954,Chirac,0.0,Chirac,match_top_only
483,65,Mais je dirai simplement que je suis préoccupé par une tendance à un certain affaiblissement de la coopération internationale.,0.5395360097863963,Mitterrand,0.0458514606742067,Chirac,0.0,Chirac,match_top_only
483,66,"Les réunions, certes, se multiplient.",0.5240466584848894,Mitterrand,0.0572175212983293,Chirac,0.0,Chirac,match_top_only
486,31,"Ce sont des mesures, disait-on, humanitaires et elles sont nécessaires.",0.4946391669706966,Chirac,0.9999825669634602,Mitterrand,0.999300516114224,Mitterrand,match_top_only
486,52,"Lundi, à l'Unesco, j'ai dit quels étaient les combats que la France entendait mener avec vous pour défendre la liberté et la dignité partout où elles étaient menacées.",0.5030228852556671,Mitterrand,0.3305225242689504,Chirac,0.3816899046860544,Chirac,match_top_only
48,35,On n'achète pas la confiance du peuple.,0.3521850064742404,Chirac,0.5386810526589433,Mitterrand,0.9814111786124832,Mitterrand,match_top_only
48,43,"Ainsi ont grandi les mythes, les religions et les philosophies.",0.5041825581490031,Mitterrand,0.0463645486619802,Chirac,0.989125196544369,Mitterrand,match_low_only
48,44,Ainsi se sont formés les mots pour lesquels des hommes ont voulu se battre ou mourir.,0.546292302497196,Mitterrand,0.1215560170586532,Chirac,0.9692033903574272,Mitterrand,match_low_only
48,45,"Il répétait : ""La République est un contrat"" et il appliquait cette maxime à toute chose.",0.5802341063193585,Mitterrand,0.1334435415837873,Chirac,0.9286427218203456,Mitterrand,match_low_only
48,46,L'acte lucide que passent des citoyens libres avec ceux qui seront là pour les représenter.,0.5970796488575559,Mitterrand,0.13941030058624,Chirac,0.8365610669044404,Mitterrand,match_low_only
48,48,"<nom> , malgré les échecs, les reculs et la montée des barbaries, avait tout simplement continué d'y croire.",0.5586558841480713,Mitterrand,0.0679957629262939,Chirac,0.4413968212575889,Chirac,match_top_only
48,49,"Le problème pour lui n'était pas tant de renforcer le gouvernement que de respecter ceux qui le désignaient, de renverser la charge de la preuve en redonnant au citoyen la mission d'être en première ligne : parce que c'était à lui qu'il revenait, en fin de compte, de décider.",0.5119419636806736,Mitterrand,0.0453348598801053,Chirac,0.2764482348088661,Chirac,match_top_only
494,35,"Je m'en entretenais encore hier, longuement avec monsieur le Premier ministre et la discussion venait sur les préjugés qui existent encore et qui sont parfois fondés sur des réalistés infimes et qui masquent la vérité des choses.",0.2657706414633162,Chirac,0.9999246524792426,Mitterrand,0.998741991428642,Mitterrand,match_top_only
498,3,J'ai rendu compte à Sa Majesté de nos discussions de Cologne.,0.5474575295511401,Mitterrand,0.0490743736025071,Chirac,0.001809217614067,Chirac,match_top_only
498,4,"Nous avons évoqué l'ensemble des problèmes qui touchent à cette région du monde -le Moyen-Orient au sens large du terme- et nous avons découvert, une fois de plus, que nous partagions la même approche et le même sentiment.",0.5912096073869171,Mitterrand,0.1035788516132681,Chirac,0.0027859889228537,Chirac,match_top_only
498,8,Je me réjouis que les diverses autorités compétentes l'aient compris.,0.4985456210894252,Chirac,0.9999864746528422,Mitterrand,0.0003572394110639,Chirac,match_low_only
498,9,"Il faut qu'une ville soit forte, une grande ville qui ose concevoir, entreprendre, réaliser une oeuvre de cette envergure et qui ménage à la fois, les besoins de l'urbanisme, l'intérêt qu'il y a pour une région comme la vôtre, d'attirer à elle des visiteurs de tous les pays qui s'intéressent au développement de l'art contemporain et en même temps, un choix exigeant, un choix rigoureux qui marque une acceptation par les élus de formes parfois surprenantes - je veux dire qui ont parié sur le futur - pour exprimer les formes de l'esprit et de la création présente.",0.4261851999582602,Chirac,0.9999853695855014,Mitterrand,0.0001011979581198,Chirac,match_low_only
498,10,C'est une vraie amitié entre nos deux pays et elle est ancienne.,0.3469644934367241,Chirac,0.982866417498043,Mitterrand,3.886981883549634e-05,Chirac,match_low_only
4,8,"C'est important qu'il en soit ainsi, car la France et la Corée ont en commun une identité culturelle très forte, qu'elles sont également attachées à défendre.",0.2636979473405088,Chirac,0.9987964967454852,Mitterrand,3.2166603824990143e-09,Chirac,match_low_only
4,9,"Votre pays, monsieur le Président, est un pays de grande culture, d'ancienne culture, puisqu'elle plonge ses racines très loin dans l'histoire : dès l'âge de bronze, les témoignages attestent que sur votre sol existait une civilisation originale.",0.2580958591074717,Chirac,0.9998592268478232,Mitterrand,4.4836424573091456e-08,Chirac,match_low_only
4,10,"La France, elle-même, ne manque pas de tout, et nos échanges ne peuvent qu'être fructueux.",0.2355111042441403,Chirac,0.8113371975066744,Mitterrand,7.900027074736471e-07,Chirac,match_low_only
4,22,Je n'apprendrai à personne que cela n'a pas été facile.,0.5348913813785027,Mitterrand,0.4482564827550859,Chirac,0.99949067112814,Mitterrand,match_low_only
4,25,Il faut aboutir.,0.6730707566541477,Mitterrand,0.1584331027339244,Chirac,0.9767352529645144,Mitterrand,match_low_only
4,26,"Il faut apporter avec cet échange de vues, la preuve que nos relations dans le domaine culturel sont non seulement possibles, mais nécessaires.",0.6456484281645941,Mitterrand,0.2189947426623924,Chirac,0.911697901404274,Mitterrand,match_low_only
4,27,"Enfin, en matière de coopération scientifique et technique, les échanges entre nos pays ont fait au cours des derniers mois l'objet de nombreuses consultations, et les ministres intéressés auront pendant cette visite une nouvelle occasion d'en parler.",0.5821139138490478,Mitterrand,0.1928840343437496,Chirac,0.6762254741926883,Mitterrand,match_low_only
510,30,Ne relâchons pas aujourd'hui nos efforts quand tant de pays du Sud se sont engagés avec courage sur la voie difficile des réformes économiques et de l'Etat de droit.,0.5286932940552197,Mitterrand,0.2251003768188006,Chirac,0.5544780057252293,Mitterrand,match_low_only
510,38,Mais on ne peut pas l'éluder.,0.9184094340537728,Mitterrand,0.0650960718504251,Chirac,1.0,Mitterrand,match_low_only
510,39,"Il faut savoir dire non, si l'on dit non.",0.9164738976236934,Mitterrand,0.3055075370697905,Chirac,1.0,Mitterrand,match_low_only
510,54,Elle a pour charge de défendre ses intérêts et le Gouvernement doit en répondre.,0.4128002869169885,Chirac,0.9999808635184796,Mitterrand,0.9923519960134708,Mitterrand,match_top_only
515,66,Nous avons beaucoup à apprendre de vous et je pense que nous pouvons vous apporter quelque chose ...,0.4871075289184738,Chirac,0.9915484326506498,Mitterrand,0.9882666195499756,Mitterrand,match_top_only
515,74,"En effet, notre civilisation ne peut être que polyvalente, de même qu'elle ne peut se former qu'à l'enseignement du plus grand nombre possible de cultures confrontées.",0.5725619258941776,Mitterrand,0.4993582385297376,Chirac,0.9999999999995344,Mitterrand,match_low_only
515,79,"A l'avenir, tous les étudiants devront non seulement maîtriser parfaitement une ou le cas échéant plusieurs langues étrangères, mais aussi avoir la possibilité d'effectuer une partie de leurs études à l'étranger.",0.5192642813903843,Mitterrand,0.0616646816053806,Chirac,0.9443616597814009,Mitterrand,match_low_only
516,31,Je m'en réjouis et je pense que cela se poursuivra.,0.5364460551202876,Mitterrand,0.0620832109521934,Chirac,0.9926451238377988,Mitterrand,match_low_only
516,32,"Lorsque j'étais venu en visite il y a un peu plus d'un an, on m'avait beaucoup signalé les problèmes relatifs à la protection sociale, et notamment ceux qui touchent aux versements des retraites par la Caisse nationale de protection sociale du Cameroun.",0.5912176821070313,Mitterrand,0.1848083034266168,Chirac,0.9997963962962744,Mitterrand,match_low_only
516,50,Je suis reçu par un conseil municipal élu par le peuple.,0.7572169485260468,Mitterrand,0.2881087791067833,Chirac,0.9999999999999996,Mitterrand,match_low_only
516,62,"Lorsqu'on regarde actuellement l'évolution de l'Afrique, il y a, si j'ose dire, le meilleur et le pire.",0.6239275230319021,Mitterrand,0.2624428825750952,Chirac,0.1308269659495896,Chirac,match_top_only
516,63,"Heureusement, le meilleur, contrairement à ce que l'on pense, parce qu'on ne parle la plupart du temps que du pire, l'emporte largement.",0.5607389943134664,Mitterrand,0.1133074766960173,Chirac,0.0199645537710664,Chirac,match_top_only
520,37,Il faut encourager les Africains.,0.4288155641390132,Chirac,0.5127916853222159,Mitterrand,0.9999982146410364,Mitterrand,match_top_only
520,38,"On ne dit pas assez les efforts considérables, parfois avec des maladresses dues souvent à l'inexpérience, qu'ils ont fait pour redresser la situation.",0.4451226766550598,Chirac,0.9998553619192204,Mitterrand,0.9999498253173126,Mitterrand,match_top_only
522,7,"Mais cette solidarité ne doit point se borner au champ, même élargi, de nos -rapports mutuels.",0.3898108005503521,Chirac,0.9999380932423598,Mitterrand,0.9212513562811092,Mitterrand,match_top_only
522,8,"Elle doit s'étendre à nos relations internationales, et d'abord à notre espace naturel : je veux dire la Communauté européenne 'CEE'.",0.4553059195531617,Chirac,0.999971300046848,Mitterrand,0.99629750244563,Mitterrand,match_top_only
524,74,La politique n'intéresse plus nos compatriotes de la même façon qu'autrefois.,0.5539821278191688,Mitterrand,0.4512446888075388,Chirac,0.8512813669004113,Mitterrand,match_low_only
529,20,"Je voudrais saluer le courage, comme vous l'avez dit, de la profession durement éprouvée par la crise et qui a su montrer une nouvelle fois sa détermination, son dynamisme et sa confiance dans l'avenir finalement au plus grand profit des consommateurs.",0.5349197832353303,Mitterrand,0.052684603273121,Chirac,0.0362624771153821,Chirac,match_top_only
529,44,"Vous m'annoncez que le pavillon des viandes pourrait être également rénové prochainement, c'est-à-dire au cours de ce millénaire et je m'en réjouis.",0.6012957144697183,Mitterrand,0.2606736138063959,Chirac,0.9999999999900596,Mitterrand,match_low_only
535,32,"Certes, on ne peut tout faire en un jour et pas même en un an, mais je tiens à ce que ces engagements soient progressivement réalisés, au rythme des possibilités offertes.",0.5018596701869776,Mitterrand,0.0593676325699203,Chirac,0.9999984858177414,Mitterrand,match_low_only
535,33,"Onze millions de ménages, les plus défavorisés, qui bénéficient ou qui vont bénéficier désormais du livret d'épargne populaire sauront en tout cas que les engagements pris sont tenus et je m'en réjouis pour eux.",0.5397767816957227,Mitterrand,0.0948310567692268,Chirac,0.9999879974154252,Mitterrand,match_low_only
535,34,"J'ai déjà eu l'occasion, l'an dernier, de vous rencontrer, non pas vous-mêmes, mais de rencontrer des mères de familles nombreuses en cette journée que nous célébrons.",0.5620770419032455,Mitterrand,0.100409259551085,Chirac,0.999889538325689,Mitterrand,match_low_only
535,40,"Pourquoi ? C'est parce que cela représente, une cérémonie de ce genre, une grande importance.",0.4725927052255096,Chirac,0.8120589565554562,Mitterrand,0.1969317608877686,Chirac,match_low_only
536,7,"C'est vous qui avez dit, monsieur le Président, la France est pour le Sénégal l'ami des bons et des mauvais jours.",0.2590626628468231,Chirac,0.9928040021633884,Mitterrand,1.5390783880686598e-07,Chirac,match_low_only
536,9,"Cette longue histoire commune, ces moments de gloire mais aussi d'épreuves partagées ont créé entre nous des liens indissolubles.",0.2777665165969609,Chirac,0.9879124400049396,Mitterrand,5.022037741220232e-08,Chirac,match_low_only
545,1,Puisque je ne vois pas de dames parmi les gendarmes.,0.4527859337904797,Chirac,0.9957516853632448,Mitterrand,0.0,Chirac,match_low_only
545,2,Ah !,0.4830185315627879,Chirac,0.9559697032084512,Mitterrand,0.0,Chirac,match_low_only
545,3,Il y en a ?,0.496763769606893,Chirac,0.9984247425820174,Mitterrand,0.0,Chirac,match_low_only
545,4,Elles ne sont pas nombreuses....,0.487083222697566,Chirac,0.990074719572793,Mitterrand,0.0,Chirac,match_low_only
545,5,Je crois bien que j'avais raison.,0.4553929184794132,Chirac,0.5776411272257524,Mitterrand,0.0,Chirac,match_low_only
545,20,J'imagine qu'il existe dans les pays étrangers beaucoup de techniciens spécialement formés et capables de remplir des missions analogues.,0.5075426195999857,Mitterrand,0.078442598312279,Chirac,0.9994514539153836,Mitterrand,match_low_only
545,21,"Je ne pense pas qu'il existe un autre corps à l'étranger, en tous les cas, je ne l'ai jamais rencontré, qui, ensemble, de manière cohérente, est capable de fournir une telle palette de services comme ne le fait la Gendarmerie Nationale.",0.5805455130242916,Mitterrand,0.4808697045419774,Chirac,0.999988166901205,Mitterrand,match_low_only
545,36,Nos racines ont poussé dans le même terreau.,0.5587299834001461,Mitterrand,0.3412214597148179,Chirac,0.6588652666951421,Mitterrand,match_low_only
548,23,Mais tous ont gardé de cette étape de leur scolarité un souvenir très fort.,0.5159690242465891,Mitterrand,0.1701168288828368,Chirac,0.9969053642024568,Mitterrand,match_low_only
548,37,"Personnellement, je serais tenté de vous proposer de mettre en place à travers l'Europe un réseau de centres de rrecherches à partir de poles d'excellence destinés à intensifier les échanges entre universités, laboratoires, grandes écoles et instituts.",0.6211009786690743,Mitterrand,0.3211776580370427,Chirac,0.8885230938796349,Mitterrand,match_low_only
548,38,Car c'est une distinction qui comptera toujours dans votre vie et qui vous ouvrira d'autres portes.,0.5129073220969321,Mitterrand,0.0270404954324227,Chirac,0.230999636479399,Chirac,match_top_only
550,49,Il faudra donc réformer la Constitution.,0.4858463827603703,Chirac,0.9999812017112598,Mitterrand,0.9166567066201392,Mitterrand,match_top_only
550,71,"Et combien de textes, qui sont législatifs à leur point de départ qui sont devenus relever des décrets du gouvernement que le Parlement devrait récupérer ?.",0.4974509495179487,Chirac,0.9999839011054782,Mitterrand,0.9999999293163484,Mitterrand,match_top_only
565,51,Ce chemin nouveau que je vous propose et que je vais préciser ne peut pas se tracer au sein d'une communauté internationale qui ne serait pas capable de faire respecter ou de respecter la paix.,0.3843277593050206,Chirac,0.9999729386797692,Mitterrand,0.9993553643619298,Mitterrand,match_top_only
565,52,"Vous l'avez dit monsieur le directeur général, la politique des blocs n'avait qu'un avantage : c'était celui de contraindre à la paix.",0.4608761313085138,Chirac,0.9999876203304656,Mitterrand,0.9999974623672996,Mitterrand,match_top_only
565,66,Mais l'attentat du 6 avril contre l'avion présidentiel où se trouvaient les Présidents du Rwanda et du Burundi a brisé sans doute à dessein ce fragile espoir et a déclenché la reprise d'un combat barbare.,0.4577206918104699,Chirac,0.9921514518530288,Mitterrand,0.2218106929157898,Chirac,match_low_only
567,3,Les lance-fusées ne poussaient plus leur hurlement terrifiant.,0.5455502106609442,Mitterrand,0.2925074664109106,Chirac,0.0,Chirac,match_top_only
567,7,"Le camp retranché était tombé, sans capituler.",0.6454808838014416,Mitterrand,0.0642310620059028,Chirac,0.0,Chirac,match_top_only
567,8,C'était la fin des combats de Diên Biên Phu.,0.6069265277349714,Mitterrand,0.0256917082858981,Chirac,0.0,Chirac,match_top_only
567,9,"C'était aussi, d'une lutte inégale, l'issue inéluctable que les soldats du Corps expéditionnaire français avaient repoussée au-delà des limites du possible.",0.5546912095296335,Mitterrand,0.0275060351010457,Chirac,0.0,Chirac,match_top_only
567,10,"Sans sommeil, à court de munitions, de pansements, de vivres, ils s'étaient battus de toutes leurs forces, avec un courage extraordinaire, avec l'énergie du désespoir, pour l'honneur des armes et l'honneur de la France.",0.5016501566765781,Mitterrand,0.0252962851146729,Chirac,0.0,Chirac,match_top_only
567,20,En France et dans de nombreux pays.,0.4705294098190157,Chirac,0.9999293048108694,Mitterrand,0.9999036019379836,Mitterrand,match_top_only
567,36,"C'était il y a cinquante ans, au cours d'une guerre cruelle, lointaine et incomprise des Français.",0.5397344575738945,Mitterrand,0.0586443342710634,Chirac,0.0598483579476729,Chirac,match_top_only
573,55,Vous vous êtes engagé en Indochine et sur la terre d'Espagne mais il y avait encore l'illusion lyrique.,0.2821150736459228,Chirac,0.9958412658989524,Mitterrand,1.8429702208777602e-14,Chirac,match_low_only
573,56,"Encore le sentiment romantique, comme le note l'un de vos amis, de pouvoir ""jouer un rôle très important avec très peu de moyens"", en nouveau chevalier moderne.",0.2473375564420461,Chirac,0.9968044393684232,Mitterrand,2.3203661214665772e-14,Chirac,match_low_only
573,108,"Ici avec l'arabe, là avec les langues africaines dans leur diversité extrême, avec l'anglais, avec le flamand, avec le vietnamien, le lao, le khmer, ailleurs avec les langues slaves ou latines et j'en oublie certainement.",0.4431816776701273,Chirac,0.999956999113359,Mitterrand,0.0535825932268291,Chirac,match_low_only
577,26,"Vous savez que plusieurs ministres m'accompagnent, ce sont les ministres de l'intérieur, de l'agriculture, de l'environnement, le secrétaire d'Etat aux grands travaux.",0.5610479772987,Mitterrand,0.0645277737915393,Chirac,0.0580745459322222,Chirac,match_top_only
577,27,"Sa diligence permet de mener à bien toute une série d'initiatives qui, à Paris d'une part mais aussi dans de très nombreuses villes de province, permettent de valoriser le patrimoine français ou bien d'innover, de créer, d'inventer, de construire.",0.6314020372551371,Mitterrand,0.227204624413807,Chirac,0.2493514099260737,Chirac,match_top_only
577,38,"Ici comme chez nous, c'est le désespoir et souvent la violence.",0.5287393487334001,Mitterrand,0.1554385594141644,Chirac,0.9999664359022584,Mitterrand,match_low_only
579,47,Il peut encore continuer et aller plus loin.,0.6126478965675077,Mitterrand,0.2207175795530914,Chirac,1.0,Mitterrand,match_low_only
579,48,Son fils qui travaille avec lui va pouvoir continuer.,0.5929671626310523,Mitterrand,0.0556074917619554,Chirac,1.0,Mitterrand,match_low_only
579,49,La situation n'est donc pas sombre.,0.588199804351409,Mitterrand,0.0471470157314467,Chirac,1.0,Mitterrand,match_low_only
579,50,Mais naturellement ceci est à la condition de dégager une partie des producteurs.,0.5972159368206584,Mitterrand,0.1019481643735591,Chirac,1.0,Mitterrand,match_low_only
579,52,Et il y a un tel afflux de demandes que les guichets risquent de fermer.,0.6221095999333434,Mitterrand,0.3435017608324253,Chirac,1.0,Mitterrand,match_low_only
579,56,"Ce sera à vous, mesdames et messieurs, de le faire en tant que contribuables, ce qui veut dire que finalement on revient toujours du même côté.",0.4811832943677805,Chirac,0.999988374783154,Mitterrand,0.9999635868533512,Mitterrand,match_top_only
57,8,"Enfin, il n'est pas nécessaire de faire un gros effort d'imagination pour savoir que vous représentez un kaléidoscope de professions, de tendances, de tempéraments.",0.549295539273137,Mitterrand,0.4329167345274647,Chirac,0.9999840708128296,Mitterrand,match_low_only
57,19,Je remercie <nom> d'avoir bien voulu nous recevoir dans cette maison de France.,0.661778519592454,Mitterrand,0.2783793256529536,Chirac,0.9999999999999992,Mitterrand,match_low_only
57,20,"Nous ici tous, tout à fait chez nous.",0.6352238700393259,Mitterrand,0.2664486074531428,Chirac,0.9999999999999992,Mitterrand,match_low_only
57,21,Je souhaite que la France et l'Espagne se comprennent mieux.,0.618649729100644,Mitterrand,0.0768609428576067,Chirac,0.9999999999997852,Mitterrand,match_low_only
57,22,On me dit souvent il y a des phantasmes entre nos deux pays.,0.613461275056182,Mitterrand,0.4365679491994535,Chirac,0.9999999999354924,Mitterrand,match_low_only
57,23,C'est peut-être vrai.,0.6115846758016518,Mitterrand,0.2377680618469246,Chirac,0.9999999808776808,Mitterrand,match_low_only
57,26,"Et c'est dans la vie quotidienne que nous ferons la démonstration de ce qu'il est possible de faire et je suis, de ce point de vue, tout à fait résolu et optimiste dans la démarche aujourd'hui -entreprise.",0.5305598655501677,Mitterrand,0.1464561228298846,Chirac,0.9502169956858518,Mitterrand,match_low_only
586,23,Cette Histoire qui s'est souvent écrite dans le sang et l'injustice.,0.5020622162351706,Mitterrand,0.0381793917280609,Chirac,2.997654242520298e-05,Chirac,match_top_only
592,14,"Dans ce contexte mouvant, il nous faut définir les conditions futures de la sécurité en Europe.",0.537277870221711,Mitterrand,0.1135389031939397,Chirac,0.2325062657249506,Chirac,match_top_only
592,15,"Cette sécurité, comme ailleurs dans le monde, a pour première condition l'équilibre des forces militaires.",0.5191777554020521,Mitterrand,0.0466870500398488,Chirac,0.2850774597768234,Chirac,match_top_only
592,16,"Lorsque celui-ci est atteint, la confrontation cesse d'avoir un sens et la coopération se développe.",0.507486286288689,Mitterrand,0.0347534537559376,Chirac,0.3213780035618405,Chirac,match_top_only
592,17,"Le traité de l'Elysée du 19 novembre <date> sur les armements conventionnels, constitue de la sorte l'un des fondements de la paix sur notre continent, il faut s'en convaincre, et son application intégrale par tous, sera un gage de confiance pour l'avenir.",0.5090332454949563,Mitterrand,0.0414297553537749,Chirac,0.3392242368608539,Chirac,match_top_only
592,18,"Lorsqu'il aura été ratifié, après qu'auront été résolues les difficultés qui subsistent, il pourra être complété, et j'en suis d'avance d'accord, afin que soit fixé un autre équilibre des forces à un plus bas niveau compatible avec la sécurité de chacun.",0.5192662449965781,Mitterrand,0.21913648625488,Chirac,0.3551779529600349,Chirac,match_top_only
592,19,"Dans cet équilibre, l'Alliance atlantique, qui unit quatorze pays d'Europe, les Etats-Unis d'Amérique et le Canada, continuera de jouer pleinement son rôle, un rôle majeur pour le maintien de la paix, dans l'esprit de ce qui a été décidé au Sommet de Londres de juillet <date>.",0.527357172619657,Mitterrand,0.1858280940008838,Chirac,0.3555983102276994,Chirac,match_top_only
592,21,"Ceux de nos pays qui ont pu parvenir, comme le nôtre, à un stade majeur dans sa détermination et dans son indépendance, ne doivent pas l'oublier et je tiens à le redire ici.",0.49996231031269,Chirac,0.9885119669893992,Mitterrand,0.3362704355583523,Chirac,match_low_only
592,22,"Les liens entre les membres de l'Alliance atlantique, quelle que soit leur situation pratique au sein des organismes militaires - vous connaissez la position de la France dont nous n'entendons pas changer - sont très forts.",0.4552088452446025,Chirac,0.6875778367557405,Mitterrand,0.3097223496795505,Chirac,match_low_only
595,110,"Je crois plutôt que l'Europe s'édifiera sur des fondations diverses, sur de nombreux piliers, sans quoi elle serait bien fragile.",0.5739625288358232,Mitterrand,0.1302325411313279,Chirac,0.9959044722837106,Mitterrand,match_low_only
606,23,"D'autres ont pu bénéficier de notre aide qui devrait s'élargir : des cinéastes qui ont tourné à Paris des journaux de voyage, qui ont été choisis comme membres des jurys de certains de nos festivals, les réalisateurs les plus connus du cinéma letton étaient présents au mois de mars, au festival de Rouen.",0.4313997127232936,Chirac,0.9796218183408788,Mitterrand,0.998724606683522,Mitterrand,match_top_only
606,25,"Les traducteurs sont au travail, nos musicologues ont déjà rendu visite à vos salles de concerts, à vos églises.",0.3908184147008752,Chirac,0.5487986379476918,Mitterrand,0.8714127838698463,Mitterrand,match_top_only
607,8,"Le devoir de solidarité nationale est de compenser les trop grands malheurs, notamment de ceux qui arrivent chômeurs en fin de droit.",0.549920676217743,Mitterrand,0.3602116817002515,Chirac,0.9999986242732612,Mitterrand,match_low_only
618,3,Et je le regrette d'autant plus que je n'ai donc pas pu vraiment comprendre ce qu'a dit le Président tout à l'heure.,0.5576844983971824,Mitterrand,0.0567846552942937,Chirac,4.765043974952477e-07,Chirac,match_top_only
618,4,"Or j'ai eu le sentiment qu'il disait des choses intéressantes et courtes, qu'il disait des choses amicales, et même des choses drôles puisqu'à un moment donné, tout le monde a ri, moi aussi.",0.5966355220737634,Mitterrand,0.0565207672071715,Chirac,7.179445011828989e-07,Chirac,match_top_only
618,5,Mais c'était de confiance.,0.6036436099843298,Mitterrand,0.0578857825233435,Chirac,1.1874818519608257e-06,Chirac,match_top_only
618,6,"Monsieur le Président, je suis heureux d'être parmi vous, au terme d'une visite d'Etat marquée, et cela m'a beaucoup impressionné, par la chaleur de l'accueil qui nous a été réservé, qui nous a beaucoup touchés, et qui montre bien qu'il y a tout de même quelque chose de fort qui s'est petit à petit ancré dans nos coeurs et dans notre esprit, entre Français et Allemands.",0.5816663161882741,Mitterrand,0.0463529222923592,Chirac,9.384992468719487e-07,Chirac,match_top_only
618,7,"Il y a quelques jours, deux ou trois jours, un sondage a été effectué par un institut allemand, qui soulignait l'image, bien meilleure qu'on aurait pu le penser, que les Allemands avaient des Français.",0.5391682540735123,Mitterrand,0.0438967469838409,Chirac,8.177796417818683e-07,Chirac,match_top_only
61,22,Mais je pense aussi à notre indépendance énergétique.,0.7137577011161376,Mitterrand,0.2350975246984773,Chirac,1.0000000000000004,Mitterrand,match_low_only
61,23,"Nous souffrions, en France, d'une très grande vulnérabilité pour nos approvisionnements.",0.7099134561036015,Mitterrand,0.0513690550684566,Chirac,1.0000000000000004,Mitterrand,match_low_only
61,24,"On a réussi à desserrer ce qui était véritablement un étau grâce au programme électronucléaire qui, je crois, bénéficie aujourd'hui d'un large accord de l'opinion politique française, non sans remous, sans sursxaut, non sans incertitude, mais finalement on peut estimer que les Français ont compris, dans leur immense majorité, que c'était dans leur intérêt et pour leur sécurité, et non pas le contraire.",0.712039359394641,Mitterrand,0.0819922540269089,Chirac,1.0000000000000004,Mitterrand,match_low_only
61,25,"Au-delà de notre territoire national, le programme nucléaire est reconnu comme une référence.",0.717607653664745,Mitterrand,0.0847294163799537,Chirac,1.0000000000000004,Mitterrand,match_low_only
61,26,"Par sa qualité, sans doute, il ne serait pas possible de rien faire sans lui, mais aussi parce qu'il contribue, en limitant notre appel au pétrole, à rééquilibrer l'affectation des ressources d'énergie des pays industrialisés, comme le nôtre, vers des pays en développement dont, vous le savez, nous avons grand intérêt à voir l'action couronnée de succès.",0.7249270074252131,Mitterrand,0.0927177098828982,Chirac,1.0000000000000004,Mitterrand,match_low_only
61,27,C'est une des conditions de la domination par notre société de la crise qui la frappe.,0.7317939140889761,Mitterrand,0.0909154155328409,Chirac,1.0000000000000004,Mitterrand,match_low_only
61,28,"<nom> , lorsqu'elle saluait le programme nucléaire français devant la Conférence mondiale de l'Energie à New-Delhi en <date>, mettait précisément en avant la nécessaire solidarité entre pays du Nord et pays du Sud face à la consommation des réserves d'énergie non renouvelables.",0.7404288514262695,Mitterrand,0.3405400638627346,Chirac,0.99999999999996,Mitterrand,match_low_only
61,33,"Certaines applications en sont déjà connues dans les technologies bio-médicales, dans la robotique, les composants électroniques, les matériaux.",0.7119277794874898,Mitterrand,0.1811123592485737,Chirac,0.9746254473019332,Mitterrand,match_low_only
61,34,"Bref, le Commissariat s'est doté d'une structure - CEA Industrie - pour développer les interventions industrielles, valoriser le potentiel d'innovation accumulé au fil des temps.",0.642144653291285,Mitterrand,0.2246724867911095,Chirac,0.5898487667366548,Mitterrand,match_low_only
61,35,Je pense que c'est une voie prometteuse.,0.5489475102151351,Mitterrand,0.1475244370818178,Chirac,0.3158947435145444,Chirac,match_top_only
620,25,"- que, comme vieil ami de l'Afrique, je souhaite voir se réaliser prochainement et qui est, je le sais, le rêve aussi du <nom> : la construction d'un nouveau pont sur le Zambèze.",0.2926172817156735,Chirac,0.9994958010700182,Mitterrand,0.9999368949064152,Mitterrand,match_top_only
620,26,"Pour donner encore plus de chance à votre port de Walvis Bay, en lui ouvrant comme arrière-pays non seulement l'Afrique australe mais aussi l'Afrique centrale et orientale, vous avez besoin d'un tel équipement.",0.2921771552610688,Chirac,0.6154382781596435,Mitterrand,0.999998820856976,Mitterrand,match_top_only
621,13,L'UNESCO n'a pas failli à sa tâche.,0.5483483337342993,Mitterrand,0.104059542329624,Chirac,0.7659949496924431,Mitterrand,match_low_only
621,32,"En tout cas, il faut bien qu'on sache qu'il n'est pas question de revenir sur cet engagement et qu'aucune pression ne fera reculer l'Etat.",0.4897934439123763,Chirac,0.9999714898428624,Mitterrand,0.5494241039103757,Mitterrand,match_top_only
626,7,"Je noterai, cependant, que tout passe par la croissance, aussi bien la lutte contre le chômage - le fléau principal, particulièrement en Europe et dans mon propre pays -, contre la misère - notamment celle du tiers monde -.",0.5164992968637782,Mitterrand,0.1681570916617306,Chirac,0.1743465473905462,Chirac,match_top_only
626,8,Il faut donc qualifier la croissance.,0.5424249150039909,Mitterrand,0.2387547051273249,Chirac,0.4068830480456414,Chirac,match_top_only
626,9,"Je dirai qu'elle doit être aussi forte que possible, qu'elle doit être une croissance saine, une croissance harmonieuse et, autant que possible, non inflationniste.",0.5631135175462214,Mitterrand,0.1827558139800976,Chirac,0.6040078761571887,Mitterrand,match_low_only
626,10,"Croissance la plus forte possible, on sent comme un regain aujourd'hui.",0.5887258694395735,Mitterrand,0.0494681044473641,Chirac,0.8042359546126712,Mitterrand,match_low_only
626,11,"Peut-être un regain d'espérance, mais aussi un certain nombre de données qui nous permettent de croire que cela redevient possible.",0.625839438393843,Mitterrand,0.405494366307818,Chirac,0.900396688058741,Mitterrand,match_low_only
626,22,Mais vous savez bien que les tensions réapparaissent constamment.,0.6378051161036642,Mitterrand,0.0458462422539369,Chirac,0.8329996834833402,Mitterrand,match_low_only
626,23,"Là aussi, je ne puis qu'insister sur la vigilance nécessaire.",0.5899089970055549,Mitterrand,0.0446578215117477,Chirac,0.5397132681181903,Mitterrand,match_low_only
626,24,La lutte contre l'inflation reste une priorité.,0.5320077774232828,Mitterrand,0.043744302633166,Chirac,0.2466607336564543,Chirac,match_top_only
632,17,"Je pense que sans la radio, comme le dit votre slogan, ""la vie serait muette"". C'est une constatation d'évidence, mais les évidences doivent être souvent rappelées.",0.5133371877485475,Mitterrand,0.2677326237669003,Chirac,0.9998876462540468,Mitterrand,match_low_only
632,35,"Quelquefois, il arrive de regretter que l'audace des pionniers ait un peu cédé le pas au profit de programmes moins imaginatifs.",0.5694754592635582,Mitterrand,0.0650752553421523,Chirac,0.9999999999999996,Mitterrand,match_low_only
632,41,"En cet instant, Monsieur le Président, je me souviens de votre première visite officielle à Paris, en <date>.",0.5168387145236232,Mitterrand,0.0465873331538255,Chirac,0.9824431671981116,Mitterrand,match_low_only
633,37,Nombreuses sont aujourd'hui les voix qui s'élèvent un peu partout en faveur d'une défense européenne.,0.4631301023534214,Chirac,0.9999688246376748,Mitterrand,0.6735279179184395,Mitterrand,match_top_only
633,45,De même avec la Grande-Bretagne.,0.7706055930042515,Mitterrand,0.3726781323633818,Chirac,1.0000000000000002,Mitterrand,match_low_only
633,55,"Malgré la régularité effrayante des statistiques, on s'est longtemps refusé à voir dans l'insécurité routière un problème de responsabilité politique.",0.546607201894997,Mitterrand,0.0804353152419092,Chirac,0.7014763159012662,Mitterrand,match_low_only
635,17,"À travers <nom> , c'est l'autorité de l'État et l'intégrité de la France que certains ont voulu attaquer et mettre en cause.",0.5592396031246855,Mitterrand,0.0388902274051875,Chirac,0.8175110433228652,Mitterrand,match_low_only
635,31,"D'abord, la surprise.",0.5735385777137999,Mitterrand,0.4112755055311525,Chirac,0.999739769340262,Mitterrand,match_low_only
635,33,"Et ils voient arriver à eux des gens aux idées précises, à la volonté sans faille, mais avec une ouverture du coeur et de l'esprit.",0.4722464841200779,Chirac,0.5260158848508414,Mitterrand,0.969496825565759,Mitterrand,match_top_only
635,34,"Croyez-moi, le peuple de France a tout de suite reconnu ceux auxquels ils pouvait accorder à son tour tous les titres de l'amitié.",0.4119280548483259,Chirac,0.9618682630857716,Mitterrand,0.8530334919957718,Mitterrand,match_top_only
651,13,"C'est une ville où vous faites le maximum, je le sais, pour lutter notamment contre le phénomène d'exclusion qui caractérise notre temps, hélas, pas uniquement chez vous, et qui est à la base, si j'ai bien compris, du contrat de ville que vous avez élaboré et qui repose sur trois priorités : l'activité, l'identité et la citoyenneté.",0.589094101769303,Mitterrand,0.0478928418911211,Chirac,0.9537355795614524,Mitterrand,match_low_only
651,14,"Et nous en avons un exemple, ce sera ma conclusion, avec ce qui se passe à l'heure actuelle au Moyen-Orient.",0.6701975374852704,Mitterrand,0.108766128275519,Chirac,0.9973040797821794,Mitterrand,match_low_only
651,15,Il est vrai que ce n'est pas du tout un cas de lutte nord-sud.,0.7337355703007855,Mitterrand,0.4074829506620167,Chirac,0.999944699470535,Mitterrand,match_low_only
651,34,Il faut donc refuser les coups de force.,0.7226271236044852,Mitterrand,0.4588828777643733,Chirac,0.8177608155465327,Mitterrand,match_low_only
651,41,Elles sont indispensables pour créer l'harmonie entre les individus.,0.6984522092620487,Mitterrand,0.3461743946254571,Chirac,0.0001020437484384,Chirac,match_top_only
651,45,"Il me semble, et c'est une louange qu'il faut adresser aux pays qui ont pris aujourd'hui cette responsabilité, que les Nations unies se mettent en situation d'assumer le rôle qui est le leur.",0.6658785957595122,Mitterrand,0.1263344976154838,Chirac,1.1541056998964903e-10,Chirac,match_top_only
651,46,"C'est une ville, vous avez évoqué sa forte organisation associative et c'est vrai, où se déroulent d'intéressantes expériences de démocratie, d'innovation, de participation avec notamment cette expérience des "" maisons de la justice et du droit "" que l'on ne retrouve pratiquement nulle part ailleurs, encore qu'elles commencent à essaimer et qui ont valu à Saint-Denis d'être choisie par les Nations Unies et le Conseil de l'Europe pour organiser le Forum international sur la sécurité, c'était en décembre dernier.",0.6441620064457894,Mitterrand,0.0432785235797513,Chirac,2.8527180617743397e-12,Chirac,match_top_only
651,47,La France s'est sentie honorée par ce choix.,0.6270384137601439,Mitterrand,0.0387527050574263,Chirac,1.3355982986240633e-13,Chirac,match_top_only
651,48,"C'est une ville dynamique, très touchée par le chômage - moins que le reste de l'île -, mais de façon, il faut bien le reconnaître, inacceptable.",0.6117656650482407,Mitterrand,0.0406104305177802,Chirac,1.4099832412739488e-14,Chirac,match_top_only
651,49,"C'est une ville moderne, c'est une ville universitaire et qui, de ce point de vue, doit voir son rôle s'accroître.",0.5937162829611791,Mitterrand,0.0379638227566346,Chirac,3.9968028886505635e-15,Chirac,match_top_only
651,50,"C'est une ville où l'on construit beaucoup, vous l'avez dit, mais insuffisamment.",0.5655949614306416,Mitterrand,0.0345337605575481,Chirac,1.1102230246251563e-15,Chirac,match_top_only
651,51,"Et cette construction qui aurait pu la dénaturer a été faite de façon telle qu'elle a su néanmoins conserver son caractère créole, ce qui est aussi une des richesses de sa culture.",0.5259472134694027,Mitterrand,0.0363979763709025,Chirac,3.3306690738754696e-16,Chirac,match_top_only
651,60,"On a parlé, et vous l'avez évoquée, l'égalité politique qui fut réglée en 46, il a fallu 50 ans pour arriver ou achever de mettre en place l'égalité sociale, c'est long et cela prouve à quel point les habitudes, les moeurs sont longs à évoluer.",0.4131985458342441,Chirac,0.9956630672248508,Mitterrand,0.0,Chirac,match_low_only
651,61,"Il ne faudrait pas que l'on mette encore 50 ans pour qu'on ait, ici dans l'outre-mer français, l'égalité des chances.",0.3936630260974527,Chirac,0.9790548235021824,Mitterrand,0.0,Chirac,match_low_only
652,19,Je crois qu'il ne faut pas non plus exagérer sur ce point.,0.4943158359200143,Chirac,0.6848649854141393,Mitterrand,0.8047362607974509,Mitterrand,match_top_only
652,20,Nous savons depuis <nom> que seuls les trains qui arrivent en retard ont un intérêt.,0.5458859631098016,Mitterrand,0.4381377358295064,Chirac,0.9131737298936266,Mitterrand,match_low_only
652,22,C'est dans la nature même des médias que d'attirer des clients pour vendre du papier ou des images.,0.5673328910842672,Mitterrand,0.2093233123749039,Chirac,0.9911979488808146,Mitterrand,match_low_only
652,23,"Pour attirer les clients il faut avoir quelque chose d'un peu sensationnel, sinon cela ne marche pas.",0.5445927046391065,Mitterrand,0.1215830517801997,Chirac,0.998292748155461,Mitterrand,match_low_only
652,24,"Chacun son métier, chacun ses containtes.",0.5079568821953571,Mitterrand,0.4912139013437998,Chirac,0.9996915460428362,Mitterrand,match_low_only
660,26,"On parle beaucoup, et on a raison d'une certaine façon, de vivre ensemble.",0.5003004851964366,Mitterrand,0.2819786951075053,Chirac,0.9862386061446508,Mitterrand,match_low_only
660,43,"Et, selon cette disposition d'esprit, cette capacité au travail, au renouvellement, à l'imagination et à la création, se dessine la configuration future de la société des peuples et des nations, des nations et des Etats, pour la fin de ce siècle et des années qui s'en suivront.",0.4175212005143925,Chirac,0.9999540904244352,Mitterrand,0.9717477499186168,Mitterrand,match_top_only
668,39,"Il ne s'agit plus simplement de transformer un conflit ouvert en coexistence, sur la base d'un statu quo, mais bien de l'acte de naissance de la liberté de conscience, origine de toutes les libertés.",0.7111852913829677,Mitterrand,0.2710941057424179,Chirac,0.99999999999978,Mitterrand,match_low_only
668,52,"En proclamant la liberté de conscience sans abolir la religion d'Etat, l'Edit de Nantes avait ouvert, à demi, une porte.",0.4997282606063846,Chirac,0.9999146179048306,Mitterrand,0.3992305028916674,Chirac,match_low_only
668,53,"Mais loin de s'agrandir, l'ouverture se referma comme un tombeau.",0.4167066521055003,Chirac,0.9998999772403468,Mitterrand,0.044364639994024,Chirac,match_low_only
678,46,"Ce sont les Juifs d'Espagne et du Portugal qui, fuyant l'Inquisition, trouveront refuge dans les grandes villes européennes qui sont aussi des capitales de la tolérance : Londres, Amsterdam, Bordeaux et quelques autres.",0.5667228339054242,Mitterrand,0.0768182676206328,Chirac,0.2656001578681912,Chirac,match_top_only
678,72,"Et les Chinois qui pourraient m'écouter ici, je ne sais pas, savent bien que j'étais plein d'intérêt pour leur expérience, que je suis resté leur ami et que j'ai vivement souhaité la réintégration de ce pays dans la Communauté des nations 'ONU'.",0.4751387882258078,Chirac,0.99998390987168,Mitterrand,0.9987999332758744,Mitterrand,match_top_only
67,13,"Eh bien je pense, cher <nom> , que vous pouvez éprouver, vous mesdames et messieurs, une légitime fierté pour le chemin accompli au cours de ces dernières années.",0.4671421927862985,Chirac,0.999981060153672,Mitterrand,0.9378044554135104,Mitterrand,match_top_only
67,20,"La France a indiscutablement, je ne dirai pas une vocation, mais une connaissance africaine qui la rend pratiquement inséparable de ce qui se passe sur ce continent.",0.7619982930207867,Mitterrand,0.4464715232603169,Chirac,1.0,Mitterrand,match_low_only
684,40,Simplement parce que l'on a besoin de se sentir en sécurité pour aborder les changements dont chacun sent qu'ils arrivent.,0.5467482343536694,Mitterrand,0.0658052175886496,Chirac,0.4938849428301718,Chirac,match_top_only
684,49,"Elle ressent, dans ses profondeurs, ce que nous ressentons.",0.4656239648439308,Chirac,0.9924250339149344,Mitterrand,0.9999999999999996,Mitterrand,match_top_only
684,50,"Qu'elle vise à perpétuer son empire sur l'immense domaine qui lui a été concédé et qu'elle agisse en conséquence, va de soi.",0.460529188800074,Chirac,0.9999608765372332,Mitterrand,0.9999999999999996,Mitterrand,match_top_only
684,51,Je pense néanmoins qu'elle devra tenir compte des aspirations populaires constamment renaissantes qui s'affirment un peu partout.,0.4853192563470982,Chirac,0.9999792819577638,Mitterrand,0.9999999999999996,Mitterrand,match_top_only
685,35,"J'ai engagé des contacts afin que la réunion d'Evian commence par un Sommet rassemblant environ vingt-cinq Chefs d'État et de Gouvernement du monde entier, pour une libre discussion sur la mondialisation et la gouvernance mondiale.",0.5449709418062381,Mitterrand,0.2257999633775842,Chirac,0.1961647062343388,Chirac,match_top_only
6,40,"Mais elle n'a pas l'intention non plus d'avoir à supporter des pressions extérieures, qui viseraient à transformer notre mode de vie intérieur ou à nous faire adhérer à des systèmes qui nous paraîtraient condamnables.",0.5319532344448871,Mitterrand,0.2401988441040308,Chirac,2.3758772726978353e-14,Chirac,match_top_only
6,42,La France a aussi un rôle à jouer dans la sauvegarde de la paix du monde et dans l'équilibre de l'Europe.,0.5542689990283487,Mitterrand,0.2807902439722624,Chirac,2.4679779331293612e-09,Chirac,match_top_only
6,43,Rappelons qu'elle est l'un des cinq membres permanents du Conseil de sécurité.,0.5557012276790972,Mitterrand,0.4180452295149471,Chirac,1.2753961289302396e-06,Chirac,match_top_only
6,44,"Dans un moment, j'aborderai certains aspects spécifiquement européens ou plus encore spécifiquement franco-allemands.",0.5578693985475188,Mitterrand,0.1038446045553158,Chirac,0.0002647430513882,Chirac,match_top_only
6,45,Mais je répète dès maintenant que nous avons un rôle à jouer dans l'équilibre du monde et particulièrement de l'Europe.,0.5622651929633946,Mitterrand,0.4832097794861095,Chirac,0.0067076848755561,Chirac,match_top_only
6,48,Rien ne nous paraît plus important que de réussir cette entreprise.,0.6103282296046237,Mitterrand,0.4241433396122375,Chirac,0.8009929342456947,Mitterrand,match_low_only
6,49,Mais nous n'avons pas à négliger notre politique vis-à-vis de l'Union soviétique et de l'Europe de l'Est.,0.6352772751227312,Mitterrand,0.1639876464499588,Chirac,0.9758348563749554,Mitterrand,match_low_only
6,50,"Solidaires de nos alliés, nous n'en avons pas moins une Histoire et donc une politique et une diplomatie qui nous sont propres, là comme ailleurs.",0.6582907947381167,Mitterrand,0.0801508885293787,Chirac,0.9987109508126992,Mitterrand,match_low_only
6,51,Nous devons toujours considérer l'Europe tout entière dans sa réalité géographique et historique.,0.676496362996689,Mitterrand,0.0530141730685154,Chirac,0.9999533080293074,Mitterrand,match_low_only
6,52,"Enfin, nous avons des obligations hors d'Europe.",0.6904407468427369,Mitterrand,0.0783334232444604,Chirac,0.999999129830664,Mitterrand,match_low_only
6,64,"D'abord en s'adaptant, même si cette considération paraît très prosaïque, aux ressources économiques et financières de la Nation, aux crédits dont elle dispose, c'est-à-dire à la marche générale des affaires.",0.6241908803658479,Mitterrand,0.2024063584065197,Chirac,0.9999999999998552,Mitterrand,match_low_only
6,65,Il n'y a pas de défense solide sans économie saine.,0.5964607858605777,Mitterrand,0.0440009333860422,Chirac,0.9999999996945942,Mitterrand,match_low_only
6,66,"Le déséquilibre économique et budgétaire contrarierait notre défense, compromettrait notre sécurité.",0.5616508352617322,Mitterrand,0.1619767312334845,Chirac,0.9999998750310888,Mitterrand,match_low_only
6,67,La Nation consent pour le budget militaire des sacrifices importants au détriment d'autres secteurs.,0.5171024839168451,Mitterrand,0.0548780655334381,Chirac,0.9999789016410272,Mitterrand,match_low_only
703,52,Mais apprenons aussi à mieux nous connaître.,0.5282573472610074,Mitterrand,0.2780350724591871,Chirac,0.9416902601202136,Mitterrand,match_low_only
706,6,"Nos deux pays, nous l'avons dit plusieurs fois mais il est bon de le répéter, en écho aux propos de monsieur le Président de l'Assemblée de la République que je remercie pour tout ce qu'il vient de dire et qui, au delà de ma personne, va droit au coeur de mon pays, ont de multiples raisons historiques, géographiques et culturelles d'entretenir et de resserrer entre eux les -rapports privilégiés.",0.4464522873990506,Chirac,0.9999764815338074,Mitterrand,0.9860888592773984,Mitterrand,match_top_only
70,23,"Je sais bien tout ce qui manque, je sais bien de quelle manière se développe le chômage, comme il se développe partout, malheureusement ! Je connais le chiffre des millions de chômeurs dans l'Europe de la Communauté.",0.4833391968326122,Chirac,0.9999860776152286,Mitterrand,0.9963402403184044,Mitterrand,match_top_only
710,169,"Donc, il y a là un art difficile ou chacun doit jouer son rôle.",0.5624137210374921,Mitterrand,0.1140096645099063,Chirac,0.9999999999999988,Mitterrand,match_low_only
710,170,"Il appartient aux gouvernements, je le répète, démocratiquement désignés par leurs peuples pour les conduire, de voir quelles sont les limites qu'ils peuvent franchir ou non et le rythme qu'ils peuvent accepter dans un ensemble.",0.5610977571008721,Mitterrand,0.0460961801919588,Chirac,0.9999999999999992,Mitterrand,match_low_only
710,171,"Et il appartient à d'autres, et notamment au Parlement, notamment à la Commission, de donner l'impulsion nécessaire, de donner la vision et de faire en sorte de convaincre.",0.5667127265544999,Mitterrand,0.0610602781603375,Chirac,0.9999999999999982,Mitterrand,match_low_only
710,172,"Autrement dit, il faut naturellement décider mais il faut aussi convaincre et des décisions qui ne convainquent pas ne servent pas à grand chose.",0.5796556439084721,Mitterrand,0.0720396700870837,Chirac,0.9999999999999972,Mitterrand,match_low_only
710,173,"C'est une nuance, simplement, que je voulais apporter à l'ensemble des observations négatives faites sur le résultat du sommet de Nice, parce que je sais très bien que s'il n'y avait pas eu d'accord, ce qui a été possible jusqu'à la dernière minute, je sais très bien ce qu'il se serait passé.",0.5940565596171887,Mitterrand,0.0584563659833335,Chirac,0.9999999999999925,Mitterrand,match_low_only
710,174,"C'est qu'on aurait arrêté l'élargissement, et ça, c'était la pire des situations dans laquelle nous pouvions nous trouver.",0.603114618375083,Mitterrand,0.1295328514530497,Chirac,0.9999999999999758,Mitterrand,match_low_only
710,175,L'objectif qui était le nôtre c'était d'abord et avant tout de nous mettre en situation de permettre l'élargissement.,0.5995959304947456,Mitterrand,0.0929359631209471,Chirac,0.9999999999995436,Mitterrand,match_low_only
710,176,"Eh bien, nous y sommes parvenus.",0.5844386686083719,Mitterrand,0.0721233654194798,Chirac,0.9999999999935032,Mitterrand,match_low_only
710,177,"Alors, que cela ne satisfasse pas toutes les ambitions légitimes et généreuses et justifiées, et que je partage, que l'on peut avoir, c'est vrai.",0.5595940339728196,Mitterrand,0.0621697637845829,Chirac,0.9999999997683636,Mitterrand,match_low_only
710,179,Cela c'était une réflexion d'ordre général.,0.4989456588451995,Chirac,0.999192651635168,Mitterrand,0.9999999146542042,Mitterrand,match_top_only
710,180,Deux réflexions particulières à la suite de ce qu'a dit <nom> sur les insuffisances des progrès de la majorité qualifiée.,0.4777085086835894,Chirac,0.5534488222636285,Mitterrand,0.9999965136864204,Mitterrand,match_top_only
710,181,"La présidence les a regrettées, ces insuffisances.",0.4728422522458209,Chirac,0.8906102211254844,Mitterrand,0.999805357563706,Mitterrand,match_top_only
710,183,"Je regrette que tout le monde n'ait pas pu adopter la même attitude mais, là aussi, il y a le problème des peuples concernés et des responsabilités que peuvent ou ne peuvent pas prendre leurs représentants.",0.5222914576921349,Mitterrand,0.0623721238539186,Chirac,0.9937320774361476,Mitterrand,match_low_only
710,184,"N'oublions pas que, s'agissant de référendum, certains pays ont voté de façon négative, d'autres ont voté, je me réfère à Maastricht, de justesse et, donc, il y a aussi une limite qui doit être appréciée.",0.5635756112863421,Mitterrand,0.0793630027012883,Chirac,0.9817046452572696,Mitterrand,match_low_only
710,185,"Ma deuxième observation, je ne voudrais pas qu'on puisse laisser dire, Monsieur le <nom> , je ne sais pas d'où vous avez tenu vos informations, je ne voudrais pas qu'on puisse laisser dire qu'un projet avait donné moins de voix à la Pologne qu'à l'Espagne.",0.5945363625930382,Mitterrand,0.0865165669860979,Chirac,0.9412423557958332,Mitterrand,match_low_only
710,186,"Il y a eu une erreur technique qui fait qu'un instant -Monsieur, vous me permettez, j'étais en charge de la chose, alors votre ironie sur un sujet de cette nature me paraît déplacée-, il y a eu une erreur technique sur un papier, un instant, qui était en réalité une erreur de frappe.",0.6065525484039913,Mitterrand,0.0844004025097066,Chirac,0.8591111226724767,Mitterrand,match_low_only
710,187,"Et le papier a été immédiatement retiré et on a remis, naturellement, les chiffres.",0.5907805372934548,Mitterrand,0.0894334911353716,Chirac,0.7626064674253298,Mitterrand,match_low_only
710,188,"Personne n'aurait pu imaginer que quelqu'un puisse proposer, notamment au niveau de la présidence française - on connaît les liens, par ailleurs, que la France a depuis toujours avec la Pologne-, que quelqu'un aurait pu imaginer que l'on donne un handicap à la Pologne par rapport à l'Espagne alors qu'elles ont le même nombre ou à peu près de citoyens.",0.5519274878630934,Mitterrand,0.0724260435891146,Chirac,0.5608540236629717,Mitterrand,match_low_only
710,189,Je tiens à le dire pour qu'on ne laisse pas se propager de fausses nouvelles.,0.501402106367622,Mitterrand,0.0376703233511047,Chirac,0.2728414905183791,Chirac,match_top_only
710,195,"Puis, vous avez évoqué, Monsieur le Président, comme d'ailleurs un certain nombre d'autres orateurs, les défauts de la méthode.",0.5249294216879138,Mitterrand,0.0703846962575147,Chirac,6.048384382228988e-08,Chirac,match_top_only
710,196,"D'abord, je souscris tout à fait à votre approbation sur la méthode de la convention.",0.5612144162867926,Mitterrand,0.0808549077401891,Chirac,2.9130119427733803e-09,Chirac,match_top_only
710,197,"Je vais vous dire tout à fait la vérité : lorsque j'ai appris la méthode qui avait été choisie pour l'élaboration de la Charte, la méthode de la convention, j'étais sceptique et je dois dire que la réalité m'a démontré que j'avais tort, puisque cela a été un très beau succès.",0.5774863934238197,Mitterrand,0.0704720059834371,Chirac,1.838832419664982e-10,Chirac,match_top_only
710,198,Ce qui veut dire que la méthode était bonne.,0.5730196607017614,Mitterrand,0.0555080156805087,Chirac,1.9363510794789815e-11,Chirac,match_top_only
710,199,"Je le crois, j'ai eu l'occasion de le souligner, notamment à Nice.",0.5514552498795253,Mitterrand,0.056891712947144,Chirac,1.0064171718227044e-12,Chirac,match_top_only
710,200,"Il faut dire aussi que la conduite de la Convention par le <nom> a été tout à fait exemplaire, ce qui, naturellement, a également facilité les choses.",0.5215453821856101,Mitterrand,0.0257937522529369,Chirac,5.88418203051333e-14,Chirac,match_top_only
710,213,<nom> a parlé d'échec pour l'élargissement.,0.5268646693323896,Mitterrand,0.0353815167249296,Chirac,0.0,Chirac,match_top_only
710,214,Qu'est-ce que cela aurait été s'il n'y avait pas eu d'accord !,0.5625630891556201,Mitterrand,0.0836610572955864,Chirac,0.0,Chirac,match_top_only
710,215,"En ce qui concerne l'élargissement, donc, je crois que c'est un peu excessif de parler d'échec.",0.5936947251900325,Mitterrand,0.0378672157312053,Chirac,0.0,Chirac,match_top_only
710,216,"D'ailleurs, tous les pays concernés ont été unanimes à approuver tout ce qui s'était fait à Nice.",0.6183766574164378,Mitterrand,0.0616837931987105,Chirac,0.0,Chirac,match_top_only
710,217,Il a évoqué également le recul du Parlement européen.,0.6382404417456323,Mitterrand,0.0505245467368015,Chirac,0.0,Chirac,match_top_only
710,218,"J'ai évoqué tout à l'heure un certain nombre de progrès qui ont été faits, je ne vais pas revenir maintenant dessus.",0.6502961356469141,Mitterrand,0.0565205867930364,Chirac,0.0,Chirac,match_top_only
710,219,"Il n'y a peut-être pas tous les progrès que vous souhaitiez, c'est évident, mais, là aussi, il y a quelques pays qui font des réserves.",0.6556063515362416,Mitterrand,0.1456487330262642,Chirac,0.0,Chirac,match_top_only
710,220,"Mais il n'y a eu aucun recul et jamais le Parlement européen n'aura été, je crois qu'on peut le dire, je parle sous le contrôle de la Présidente et des responsables, n'aura été autant associé et consulté qu'il l'a été pendant la présidence française.",0.6499617817922229,Mitterrand,0.2841448663681657,Chirac,0.0,Chirac,match_top_only
710,221,Je le note simplement pour le préciser.,0.6309324837280346,Mitterrand,0.1203396430137192,Chirac,0.0,Chirac,match_top_only
710,222,<nom> a évoqué la marée humaine à Nice.,0.6018167132961922,Mitterrand,0.0661526564785373,Chirac,0.0,Chirac,match_top_only
710,223,"Si l'on fait exception, naturellement, des quelques trublions irresponsables qui se sont manifestés avec des intentions qui n'avaient rien à voir avec le progrès de la pensée humaine, c'est vrai qu'il y a eu une grande et belle participation, notamment provoquée par la Confédération européenne des syndicats et que, là, il n'y a eu aucune espèce de difficulté ou de problème.",0.5608513390483896,Mitterrand,0.0751875935580751,Chirac,0.0,Chirac,match_top_only
710,224,"J'ai estimé que c'était là une participation au débat général car il est exact que nous devons essayer d'améliorer les conditions d'un débat plus général, d'un débat qui donne plus de place à la société civile, ne serait-ce que pour donner un peu d'oxygène à notre réflexion.",0.5138892175978312,Mitterrand,0.0464020006815582,Chirac,0.0,Chirac,match_top_only
710,231,"Je remercie mon ami <nom> d'avoir bien voulu rendre hommage à ma forme physique, je l'en remercie, cela ne m'étonne pas.",0.5281420908364254,Mitterrand,0.1504457751804077,Chirac,0.0,Chirac,match_top_only
710,238,"Pour ce qui concerne <nom> , là, je dois dire que je ne suis pas du tout en mesure d'entrer dans les subtilités et les nuances de son propos.",0.6762699179875635,Mitterrand,0.209346940506277,Chirac,0.0,Chirac,match_top_only
710,239,"Donc, je lui laisse l'entière responsabilité de ses affirmations.",0.6616862085409494,Mitterrand,0.092177928462704,Chirac,0.0,Chirac,match_top_only
710,240,<nom> a évoqué le déficit du débat public.,0.6238641823753525,Mitterrand,0.1419565164011594,Chirac,0.0,Chirac,match_top_only
710,241,J'ai déjà répondu sur ce point et je souscris tout à fait à ce qu'il a dit sur la nécessité d'améliorer considérablement le débat public.,0.5658109177276087,Mitterrand,0.0853258611693494,Chirac,0.0,Chirac,match_top_only
719,19,La tradition est vivante en biologie.,0.4239128006394282,Chirac,0.9997620846759,Mitterrand,0.3933715413808749,Chirac,match_low_only
719,20,"J'ai remarqué et apprécié l'hommage rendu à l'instant à l'Institut <nom> dont le rayonnement est mondial, dont les équipes, celles de l'Institut de la recherche médicale, sont à la pointe du progrès, en génétique par exemple.",0.4174289248065504,Chirac,0.999976931683685,Mitterrand,0.5311682915199625,Mitterrand,match_top_only
719,21,"La France est le pays de Clément Ader, du Concorde 'avion', partenaire essentiel du programme européen Airbus, c'est-à-dire que depuis les origines jusqu'à aujourd'hui, dans la conquête de l'espace nous disposons d'une puissante industrie aéronautique qui n'est guère dépassée dans le monde occidental que par celle des Etats-Unis d'Amérique.",0.4094932237086909,Chirac,0.9999828761837553,Mitterrand,0.8737545532127365,Mitterrand,match_top_only
719,22,La société nationale 'Snias' qui s'occupe de cette production est la première firme exportatrice d'hélicoptères dans le monde.,0.4043242103327995,Chirac,0.9999837542954948,Mitterrand,0.987263702800148,Mitterrand,match_top_only
719,23,"Les moyens courriers Airbus que l'on voit apparaître, et je m'en réjouis, au Japon sont d'ailleurs très adaptés aux conditions de cette partie du monde.",0.4053687132179008,Chirac,0.9999606430109912,Mitterrand,0.9994757707726214,Mitterrand,match_top_only
719,24,"Ces Airbus, gros porteurs, économes en énergie, fiable comme on dit, rencontrent un grand succès sur tous les continents.",0.4126676191760111,Chirac,0.9994841578555758,Mitterrand,0.9999732411280784,Mitterrand,match_top_only
719,26,"En-matière de lanceurs, de télédétection, de télévision directe, nous soutenons la concurrence avec tous les autres pays, y compris ceux qui avaient récemment encore des années d'avance sur nous.",0.4327819175195236,Chirac,0.9944304200347768,Mitterrand,0.9999999591608546,Mitterrand,match_top_only
719,27,"J'ai défini, en ma qualité de chef de l'Etat, récemment, sur la proposition du ministre responsable, <nom> 'ministre de la recherche et de la technologie', les objectifs et les moyens pour une grande politique ambitieuse pour les années qui viennent, <date> à <date>.",0.4342644478337251,Chirac,0.9981622723304115,Mitterrand,0.999999998267614,Mitterrand,match_top_only
719,28,Et je suis persuadé qu'il y a là -matière à une active coopération entre nos deux pays.,0.4315200159466887,Chirac,0.999934140720791,Mitterrand,0.9999999867804812,Mitterrand,match_top_only
719,29,"Je voudrais, à nouveau, vous remercier de la qualité du rapport que vous avez remis, à ma demande, au Gouvernement et de la rapidité avec laquelle vous l'avez fait, en ce qui concerne le sentiment exprimé par le Comité pour l'interdiction du clonage humain.",0.4259458181966522,Chirac,0.9258028972136866,Mitterrand,0.9999985145270914,Mitterrand,match_top_only
719,32,Vous présidez depuis <date> la Commission interministérielle d'agrément pour la conservation du patrimoine artistique national.,0.4052038041217652,Chirac,0.6127099006765998,Mitterrand,0.9956226077448598,Mitterrand,match_top_only
725,26,"Mais votre voyage, monsieur le Premier secrétaire, messieurs, revêt une haute signification qui dépasse largement le seul examen en-commun de nos relations bilatérales.",0.3369460486345149,Chirac,0.9999707046159132,Mitterrand,0.3411730254031615,Chirac,match_low_only
725,27,Nous avons à jeter ensemble un regard sur le monde.,0.3687024163782825,Chirac,0.9999595070480528,Mitterrand,0.6691156787406775,Mitterrand,match_top_only
725,28,Il n'est pas de sujet interdit.,0.3995424095477313,Chirac,0.9999661004426283,Mitterrand,0.8508956185277203,Mitterrand,match_top_only
725,33,Nous sommes attachés à des idéaux de paix et de compréhension entre les nations.,0.5610932197811074,Mitterrand,0.2011685361562164,Chirac,0.998894573589688,Mitterrand,match_low_only
725,34,"Nous avons pleinement conscience de notre appartenance à l'Europe, conscience qui vient du plus profond de notre histoire, la vôtre, la nôtre.",0.5879955416765962,Mitterrand,0.2518361424647825,Chirac,0.9993921297916384,Mitterrand,match_low_only
725,41,"Et je souhaite que l'esprit constructif qui préside à nos relations bilatérales, puissent inspirer notre action dans les instances internationales où nous sommes présents.",0.5513087519507789,Mitterrand,0.3810797495007214,Chirac,0.9999999334195224,Mitterrand,match_low_only
725,42,"A la Conférence de Genève par exemple, où une négociation globale en vue de l'élimination de toutes les armes chimiques est engagée.",0.5377503066690918,Mitterrand,0.2317169177086809,Chirac,0.9999993837480958,Mitterrand,match_low_only
725,43,"On peut constater qu'en dépit d'un contexte Est-Ouest difficile, quelques progrès dans le dialogue ont pu être enregistrés dernièrement.",0.5320213097716716,Mitterrand,0.0509425627170424,Chirac,0.9999912315264085,Mitterrand,match_low_only
725,44,A Stockholm où depuis dix-huit mois la discussion se poursuit.,0.5291225085904359,Mitterrand,0.1273944909895241,Chirac,0.9999374923775148,Mitterrand,match_low_only
725,45,Nous aurions souhaité qu'elle progresse davantage.,0.5253129294140997,Mitterrand,0.2817304590998962,Chirac,0.99932287599723,Mitterrand,match_low_only
725,46,"Il reste que c'est en oeuvrant dans la ligne de l'Acte d'Helsinki que l'Europe sera fidèle à son destin, qu'elle permettra à tous les peuples qui la composent d'y vivre selon leur vocation et que l'Europe en tant que telle, en tant qu'entité géographique, ce continent fera entendre sa voix dans le monde.",0.5148402249401552,Mitterrand,0.18701042570562,Chirac,0.9933058790566096,Mitterrand,match_low_only
725,47,Voilà des exemples concrets de ce que peuvent faire ensemble deux pays d'Europe appartenant à des ensembles différents.,0.4952277893410111,Chirac,0.9859523954854852,Mitterrand,0.963295416001461,Mitterrand,match_top_only
725,48,Et dès lors qu'ils sont menés par une commune volonté de surmonter les méfiances et de contribuer à désamorcer les facteurs de tension internationale.,0.4637906493910668,Chirac,0.9987200838846808,Mitterrand,0.7448712283087013,Mitterrand,match_top_only
727,30,"Dans un instant, maintenant, nous serons Avenue de l'Europe.",0.4693650980598369,Chirac,0.9722540283488134,Mitterrand,0.9990740601034186,Mitterrand,match_top_only
728,28,"Quels sont donc les objectifs sociaux des prochaines années ? Il me semble que le premier d'entre eux, du moins chronologiquement, consiste à maintenir et à consolider les progrès acquis sans pour autant verser dans le conservatisme social.",0.1510806476882159,Chirac,0.911827300512522,Mitterrand,0.9520947217632546,Mitterrand,match_top_only
728,34,Ils se rendent bien compte qu'il s'agit là d'un acquis essentiel auquel aucune technique ne doit faire renoncer.,0.2867808004121595,Chirac,0.9999431163558974,Mitterrand,0.9999999999999756,Mitterrand,match_top_only
728,35,On verra bien plus tard quand les choses seront différentes mais pour cette génération c'est ainsi.,0.3164510809346493,Chirac,0.9059772175915878,Mitterrand,0.999999999999922,Mitterrand,match_top_only
728,36,La proposition de créer un fonds de garantie pour aider le régime de répartition à passer la période de croissance du nombre de retraités à partir du début du siècle prochain viendra compléter le dispositif.,0.3383075874730716,Chirac,0.9950400744822864,Mitterrand,0.9999999999833024,Mitterrand,match_top_only
736,9,"Je voudrais enfin ce matin saluer la présence parmi vous des envoyés de gouvernements étrangers, de l'Organisation des nations unies 'ONU', de l'Organisation mondiale de la santé 'OMS' et d'autres instances internationales, de nombreux diplomates, experts, de journalistes, venus de tous les continents.",0.2695846274254975,Chirac,0.8499032267192466,Mitterrand,0.9979480979447584,Mitterrand,match_top_only
736,10,L'Assemblée mondiale sur le vieillissement aura marqué en <date> un tournant dans la réflexion internationale.,0.3174328194370963,Chirac,0.9760313165975326,Mitterrand,0.9998800382525382,Mitterrand,match_top_only
736,11,"La France est intervenue avec détermination pour l'élaboration du plan international d'action de Vienne, et son adoption par l'assemblée générale de l'ONU.",0.3663707671488371,Chirac,0.9548501320535584,Mitterrand,0.999991629870568,Mitterrand,match_top_only
736,12,"Il nous faut maintenant concrétiser ses recommandations, en-particulier pour le dialogue Nord-Sud.",0.4165243266318698,Chirac,0.522035969544897,Mitterrand,0.9999997644245228,Mitterrand,match_top_only
736,13,"Car nous ne pouvons ignorer qu'en cette seconde moitié du XXème siècle, la population mondiale âgée de 60 ans et plus aura triplé.",0.466317321958632,Chirac,0.9999526597363116,Mitterrand,0.999999990791664,Mitterrand,match_top_only
736,18,Et je m'adresserai à la communauté scientifique internationale.,0.4993842357721802,Chirac,0.99994469399542,Mitterrand,0.999999999994918,Mitterrand,match_top_only
736,19,"Puisque c'est le destin de l'homme que de vieillir, appliquons notre recherche pour connaître mieux ce processus et maîtrisons, comme le font tant de savants très remarquables et de praticiens attentifs les relations entre les divers facteurs du vieillissement, génétiques, psychologiques, sociaux, écologiques.",0.4507714944403548,Chirac,0.9999274619025936,Mitterrand,0.999999999348212,Mitterrand,match_top_only
739,43,"Gardons nos richesses les plus sûres, celles de notre culture, celles de notre langage, mais n'ayons pas peur de perdre dans la confrontation ; nous y gagnerons, si nous savons bien entendu nous battre comme il convient.",0.4616862158498181,Chirac,0.999934651394413,Mitterrand,0.999944449742082,Mitterrand,match_top_only
740,23,Et c'est une vérité qui s'impose lorsqu'on considère les affaires intérieures de la France.,0.5208066725589853,Mitterrand,0.1580071380912656,Chirac,0.9999665727382115,Mitterrand,match_low_only
740,34,Nul d'ailleurs ne peut en douter.,0.4770573450482105,Chirac,0.999986998614495,Mitterrand,0.9999933613757168,Mitterrand,match_top_only
740,35,Je ne suis pas de ceux qui refusent d'assumer les responsabilités que l'histoire a confiées à l'Etat républicain.,0.4096127413718519,Chirac,0.9994449276374664,Mitterrand,0.9990018762059734,Mitterrand,match_top_only
740,36,"L'Etat est le garant de la cohésion nationale, il n'est pas le seul peut-être, mais il en est en tout cas l'expression et le moyen.",0.3477472803661531,Chirac,0.9928127609272824,Mitterrand,0.9455647114396676,Mitterrand,match_top_only
741,17,"Ici ce soir, comme ce matin à Tombouctou, ou demain à Mopti et en pays Dogon, c'est la profonde et sincère amitié entre le Mali et la France qui se trouve célébrée et renforcée.",0.50616802309577,Mitterrand,0.1152981761878031,Chirac,0.059969078953009,Chirac,match_top_only
743,47,Pourtant les besoins se font toujours aussi cruellement sentir lorsqu'arrive l'hiver <date>.,0.2983509451470856,Chirac,0.9991029062299236,Mitterrand,1.8302026560945706e-12,Chirac,match_low_only
743,48,"La mort d'un bébé, la venue d'un ministre à son enterrement, une vieille femme tuée par le froid boulevard de Sébastopol et votre appel, le 1er février <date>, -quelques phrases griffonnées sur un bout de papier et lues aux actualités de la Radio nationale et de Radio-Luxembourg- cela va bouleverser la France.",0.3095449808027862,Chirac,0.983151305385742,Mitterrand,1.393885007416884e-12,Chirac,match_low_only
743,56,"Ce jour-là est lancée l'opération ""Paris vous aide"" qui réunira 320 tonnes de matériaux et de vieux objets dont la vente produira 150 millions de francs., anciens bien sûr, versés à Emmaüs : le bilan de votre appel au secours a dépassé toutes les espérances.",0.5108897497200411,Mitterrand,0.119566144291548,Chirac,8.881784197001252e-16,Chirac,match_top_only
743,57,"""Ce qui s'est produit le 1er février, direz-vous, c'est la renaissance d'une âme commune, la résurrection d'une volonté commune d'empêcher que des innocents souffrent d'une manière aussi stupide"".",0.526119024387554,Mitterrand,0.1000655480653931,Chirac,1.1102230246251563e-16,Chirac,match_top_only
743,58,"Vous êtes devenu ""la voix des sans-voix"" et la notoriété que quelques mots, quelques phrases prononcées à la radio vous ont acquise, va faire de vous un mythe vivant.",0.5195656302728521,Mitterrand,0.0892643096382061,Chirac,0.0,Chirac,match_top_only
749,19,"Les terrains ont été livrés à la spéculation, et des villes assez inhumaines se sont créées, en tous les cas, des villes qui faisaient perdre un peu l'identité et l'âme des peuples de ces régions.",0.5507279958387612,Mitterrand,0.4072797468965241,Chirac,0.9966707061892356,Mitterrand,match_low_only
749,25,Il y a ici plusieurs conseillers généraux de la Nièvre parmi les futurs décorés.,0.5788062336450849,Mitterrand,0.1254268747097641,Chirac,0.9999999999999996,Mitterrand,match_low_only
749,37,Je m'en tiendrai là.,0.4481106997975868,Chirac,0.999978238725438,Mitterrand,0.9532727973349184,Mitterrand,match_top_only
76,29,"Ainsi, par exemple, convient-il de maintenir le principe de la collégialité des formations de jugement ?",0.5497969625108372,Mitterrand,0.0478070048122576,Chirac,0.9999103601184308,Mitterrand,match_low_only
76,30,"Jusqu'où, et dans quels domaines, faut-il recourir au juge unique ?",0.6361215592298639,Mitterrand,0.0974412494480295,Chirac,0.9999989189587952,Mitterrand,match_low_only
76,31,"Mais je ne vais pas, rassurez-vous, retracer ce soir le déroulement de la décennie qui vient de s'écouler, d'ailleurs vous le connaissez autant que moi.",0.7149111877463332,Mitterrand,0.3081799271046048,Chirac,0.9999999956735424,Mitterrand,match_low_only
76,53,"J'avais assigné à notre diplomatie française plusieurs objectifs : renforcer les fondements de la paix, favoriser le développement, s'engager résolument dans la voie de la construction européenne.",0.6027946540277543,Mitterrand,0.3368535751635961,Chirac,0.0048223807422426,Chirac,match_top_only
76,55,Faut-il appliquer immédiatement les jugements de première instance afin d'éviter les longueurs de l'appel et quelles seraient les exceptions à cette nouvelle règle de l'exécution immédiate ?,0.545029432297768,Mitterrand,0.1681098634659512,Chirac,2.985356502227532e-06,Chirac,match_top_only
76,56,Faut-il rétablir l'obligation d'un avocat pour les pourvois devant la Chambre sociale de votre Cour ?,0.5223134369199605,Mitterrand,0.0938433395800589,Chirac,1.7671810459418683e-08,Chirac,match_top_only
771,70,"Rappelons-nous : à la fin des années 80, les certitudes s'effritaient.",0.510739933015998,Mitterrand,0.0322817758870187,Chirac,2.5998354025169593e-08,Chirac,match_top_only
771,71,"La recherche nucléaire, disait-on, touchait à sa fin.",0.524323724149142,Mitterrand,0.0364191783113472,Chirac,4.218342253281549e-08,Chirac,match_top_only
771,72,"Pour l'essentiel, tout semblait dit et accompli.",0.5255831573731797,Mitterrand,0.0544411733963709,Chirac,5.2102683500976354e-08,Chirac,match_top_only
771,73,C'était l'époque aussi où régnait une certaine confusion.,0.5106897204650929,Mitterrand,0.0523609086935415,Chirac,4.656075536235704e-08,Chirac,match_top_only
773,22,"Et 1794 est alors, pour nous tous, une année décisive.",0.5542875318513807,Mitterrand,0.0897635615933876,Chirac,0.9999825438390868,Mitterrand,match_low_only
773,23,"28 septembre, création de l'Ecole centrale des travaux publics qui devint l'Ecole polytechnique que je visitais il y a peu.",0.6031463719208202,Mitterrand,0.13502734234354,Chirac,0.9999998678377904,Mitterrand,match_low_only
773,35,"Il y a toujours une part d'injustice dans ces choix, mais on a voulu signifier l'apport de la science, de la philosophie et de leur projection dans la vie politique.",0.4807878621564438,Chirac,0.9997200048598835,Mitterrand,0.9998750836470236,Mitterrand,match_top_only
773,36,Dans ce grand jeu des idées transformées en actes à compter de 1789.,0.3804037422135048,Chirac,0.9844118728627262,Mitterrand,0.9969348884026032,Mitterrand,match_top_only
774,42,"Puis, le 15 août <date>, est diffusé le premier ordre d'insurrection : c'est <nom> qui s'adresse je le cite : ""À la police parisienne, à la Garde républicaine, à la gendarmerie, aux gardes mobiles, aux GMR et aux gardes de prisons"" - à toutes les formations régulières qui se trouvent à Paris"".",0.3727865648249723,Chirac,0.6140434293971441,Mitterrand,0.9340922944440222,Mitterrand,match_top_only
774,43,"Le 19 août <date>, de son poste de commandement qui est transféré le jour même dans les catacombes, sous le lion de la place Denfert-Rochereau, il engage les FFI dans le combat, enflamme le peuple de Paris.",0.3735855894248651,Chirac,0.9800390554904664,Mitterrand,0.9636807021218676,Mitterrand,match_top_only
783,11,Nous avons pour l'un et pour l'autre des sentiments que l'histoire a forgés.,0.4424779712365164,Chirac,0.9999889103870097,Mitterrand,0.9999999995303656,Mitterrand,match_top_only
783,12,Nous appartenons à une alliance avec les Etats-Unis d'Amérique et bien d'autres mais nous n'oublions jamais que nous sommes Européens et que l'histoire de ces derniers siècles nous a le plus souvent réuni avec le peuple russe et que cela a créé une réalité qui n'est jamais absente de mon esprit.,0.3785115196545672,Chirac,0.9999688957135744,Mitterrand,0.999999135206205,Mitterrand,match_top_only
783,13,"La France loyale à l'égard des ses alliés prétend, est-ce un défaut, à l'universalité et elle se tient à ce thème toujours autant qu'il est possible.",0.3165523752781704,Chirac,0.8726348004108659,Mitterrand,0.9993141823672024,Mitterrand,match_top_only
789,25,"Ce qui d'ailleurs veut dire en clair, que l'Afrique fera en même pas un demi-siècle ce que les nations européennes ou d'autres ont pris deux siècles pour faire.",0.387917230109376,Chirac,0.7607234366813775,Mitterrand,1.008971128868552e-08,Chirac,match_low_only
789,43,"La démocratie, c'est l'égalité des droits, c'est l'égalité des chances.",0.4667231514420121,Chirac,0.9914535323934792,Mitterrand,0.3529835489539747,Chirac,match_low_only
78,57,"S'il est un lieu où la mémoire et la liberté des hommes se donnent la main, c'est bien cette vieille Sorbonne, qui s'appelait, il y a juste un siècle, ""la Nouvelle Sorbonne"".",0.4758709162549047,Chirac,0.9999763989810336,Mitterrand,0.8544644342144067,Mitterrand,match_top_only
78,64,"Ainsi se poursuit la longue course de relais qui est celle du savoir et de la fidélité qu'initièrent jadis, contre vents et marées, quelques grands pionniers de la science et quelques fondateurs de la République.",0.5049541676244403,Mitterrand,0.4742454883825852,Chirac,1.0,Mitterrand,match_low_only
78,65,"Messieurs les membres du Comité editorial des archives de la Révolution française, vous êtes les continuateurs de <nom> .",0.4741853372305719,Chirac,0.9954926876931272,Mitterrand,1.0,Mitterrand,match_top_only
78,66,"C'est lui qui, en <date>, dans la foulée du premier centenaire, fit voter la création, sous l'égide de la chambre des députés et du Sénat, de la première ""Commission de recherche et de publication de textes et de documents relatifs à l'histoire économique et sociale de la Révolution française"".",0.4695348651495402,Chirac,0.9863908013664112,Mitterrand,1.0,Mitterrand,match_top_only
78,67,"Cet intitulé, que je viens de rappeler, comme le geste lui-même, ne manquaient pas d'audace.",0.4893150553078896,Chirac,0.9999621495682336,Mitterrand,1.0,Mitterrand,match_top_only
78,72,"Un chercheur, à Tokyo, à Denver ou à Londres, n'importe où sur la planète, pourra, sans venir à Paris - ce qui paraît fâcheux : ce pourrait être nécessaire -, tout savoir de la Révolution française.",0.4900192073187654,Chirac,0.9999782749684528,Mitterrand,0.999983841947886,Mitterrand,match_top_only
812,1,La terreur et la haine viennent encore de frapper.,0.4396410553661398,Chirac,0.993343048703944,Mitterrand,0.222010653647424,Chirac,match_low_only
812,7,"La cérémonie que nous avons ici au Palais de l'Elysée, aura une signification dans toute la France.",0.5074027266818,Mitterrand,0.1256819317300184,Chirac,0.0007983903518433,Chirac,match_top_only
817,11,"Et puis notre bonne volonté, notre bonne entente réciproque gagnera à se nourrir aussi de réalisations économiques.",0.386297671467232,Chirac,0.99987167854889,Mitterrand,0.1070685767191133,Chirac,match_low_only
817,12,La coopération franco-indienne a connu de vrais progrès durant cette décennie.,0.3794491837913892,Chirac,0.999870806995249,Mitterrand,0.2160078258844497,Chirac,match_low_only
817,18,Nous connaissons l'effort gigantesque que vous avez entrepris pour maîtriser et gérer les ressources en eau potable.,0.4441181043103595,Chirac,0.9999746011868008,Mitterrand,0.9411625566618644,Mitterrand,match_top_only
817,19,Puis-je observer qu'on ne manque pas en France d'excellents spécialistes capables de contribuer à la formation d'ingénieurs et de techniciens indiens et à l'équipement de laboratoires ? Nos ministres compétents en discuteront.,0.4104833513420587,Chirac,0.9999540450916669,Mitterrand,0.9174919795893668,Mitterrand,match_top_only
817,20,Aucun domaine n'est interdit à notre réflexion dès lors que nous nous engageons dans un programme de coopération de longue durée.,0.3530553711389187,Chirac,0.999954985195154,Mitterrand,0.8144158974366463,Mitterrand,match_top_only
821,107,Tous méritaient que l'on s'y arrête.,0.35581827831729,Chirac,0.6336808409836263,Mitterrand,0.9999999961765678,Mitterrand,match_top_only
821,108,Il fallait donner leur chance aux partis politiques pour qu'ils entreprennent d'eux-mêmes les changements nécessaires.,0.3811671841965452,Chirac,0.5423868198633923,Mitterrand,0.9999998534198792,Mitterrand,match_top_only
82,49,"'Suite sur l'expérience d'élu Nivernais' J'ai donc vécu cela avec vous et d'une certaine manière je le continue pour le temps qui me sera donné, mais c'est là dans cette salle, d'une certaine manière aussi dans mon bureau de la mairie de Château-Chinon, dans le travail accompli à Montsauche, que j'ai compris la nécessité, vécu la nécessité de la décentralisation.",0.4926252934063411,Chirac,0.9999888417277424,Mitterrand,0.993638279920728,Mitterrand,match_top_only
82,58,"En même temps que se développait une conscience publique à partir de la révolution française, le besoin de doter les citoyens du pouvoir qui leur revient, mais qui leur était refusé jusqu'alors.",0.839680229484767,Mitterrand,0.3960621741711806,Chirac,1.0000000000000002,Mitterrand,match_low_only
82,59,C'est une révolution populaire.,0.8377861868984938,Mitterrand,0.3342930803281428,Chirac,1.0000000000000002,Mitterrand,match_low_only
82,60,Une révolution du peuple qui a conduit la République française là où elle est.,0.8336663816935227,Mitterrand,0.1437249241574681,Chirac,1.0000000000000002,Mitterrand,match_low_only
82,68,Une société en pleine mutation.,0.5442142092578042,Mitterrand,0.2299911399572566,Chirac,0.997810164304172,Mitterrand,match_low_only
831,13,"Les tensions monétaires que nous avons connues et que nous connaissons aujourd'hui, en tout cas depuis quelques semaines, montrent la nécessité de progresser le plus rapidement possible vers la monnaie unique.",0.5475115366286525,Mitterrand,0.2736862385734135,Chirac,0.1158894387425385,Chirac,match_top_only
831,28,Je comprends leurs difficultés.,0.5105543765672648,Mitterrand,0.3506373874710958,Chirac,0.99841569303668,Mitterrand,match_low_only
831,29,Nous nous sommes posé les mêmes questions.,0.5626125868828099,Mitterrand,0.4605448986285619,Chirac,0.990699262837448,Mitterrand,match_low_only
831,34,L'approfondissement de vos travaux y contribuera et sera bénéfique à tous.,0.4593233537989957,Chirac,0.9358353666150844,Mitterrand,0.2849243988082799,Chirac,match_low_only
838,17,"Pour vous, le premier, s'ouvre la porte d'osier"".",0.13132697588215,Chirac,0.9986468836337112,Mitterrand,2.8563307719053913e-08,Chirac,match_low_only
839,15,"Nombreuses aussi sont dans cette ville les classes moyennes ou bien les représentants du secteur tertiaire, les représentants des services.",0.4541350321711003,Chirac,0.7551508682533986,Mitterrand,0.7883855583855968,Mitterrand,match_top_only
839,28,Je souhaite que celles-ci soient couronnées de succès.,0.603096575270523,Mitterrand,0.3616207378459205,Chirac,0.7574862878111154,Mitterrand,match_low_only
844,1,Le <nom> vient d'évoquer avec des mots très justes la signification de la décision que nous allons prendre.,0.513343528422616,Mitterrand,0.0346738044843781,Chirac,0.0009758847041227,Chirac,match_top_only
844,8,Nous allons terminer.,0.5437031234400906,Mitterrand,0.1274383785723425,Chirac,0.4185153759092865,Chirac,match_top_only
847,61,"Parallèlement, toutes les commandes prévues par la loi pourront être passées.",0.4721527951610215,Chirac,0.9998304243199972,Mitterrand,0.9992893590575722,Mitterrand,match_top_only
847,66,"Voyez la récente conférence de Paris, où 140 pays et même davantage se sont entendus, pour mettre hors la loi l'arme chimique et appeler à son élimination complète et contrôlée.",0.7649570620407427,Mitterrand,0.3895898601903795,Chirac,1.0,Mitterrand,match_low_only
847,67,"Cette mobilisation exceptionnelle a montré qu'à la tribune du désarmement, tous avaient leur mot à dire.",0.7828024093671976,Mitterrand,0.333943715108367,Chirac,1.0,Mitterrand,match_low_only
847,68,"Voyez enfin le résultat des discussions de Vienne, où les 35 membres de la Conférence sur la sécurité et la coopération en Europe, seul forum où les Européens, tous les Européens, se retrouvent et se parlent, ont décidé d'ouvrir, au mois de mars - le 6 mars - les négociations sur la stabilité conventionnelle qui pourraient être demain le préalable à une nouvelle conception de la sécurité en Europe.",0.8004464793376506,Mitterrand,0.3564656448919863,Chirac,1.0,Mitterrand,match_low_only
847,75,"Puissance pacifique, dépourvue d'agressivité à l'égard de quiconque, elle dispose, je viens de le rappeler, d'une force nucléaire de dissuasion qui a, pour seul objectif, de préserver son identité, son indépendance, ses intérêts vitaux.",0.6539559889972746,Mitterrand,0.0715057206938646,Chirac,0.975122585064216,Mitterrand,match_low_only
847,76,"Membre de l'Alliance atlantique elle est solidaire certes de ses alliés, elle est fidèle à ses engagements, mais elle décide seule, en toute autonomie, de sa stratégie et de l'emploi de ses forces.",0.5487565030684213,Mitterrand,0.0280071385820915,Chirac,0.8136419909100728,Mitterrand,match_low_only
868,18,Eh bien disons-le franchement : ce que nous recherchons dans la construction francophone relève d'un autre ordre.,0.3370273121935904,Chirac,0.975007032379314,Mitterrand,0.0,Chirac,match_low_only
868,19,"De la langue française, qui depuis longtemps n'est plus la propriété des Français, procède une certaine vision de l'homme et du monde.",0.2989624194921527,Chirac,0.9887317469040096,Mitterrand,0.0,Chirac,match_low_only
869,19,"En demandant à mon pays, la France, de réunir les assises de la technologie européenne, le Conseil de Milan 'Conseil européen' lui a fait à ce pays, la France, un grand honneur.",0.421902375566585,Chirac,0.9999820222429764,Mitterrand,0.9332524498385076,Mitterrand,match_top_only
869,20,"Et voilà, que nous sommes tous conviés à une tâche que je crois décisive pour notre avenir.",0.472653839599305,Chirac,0.9999923185900024,Mitterrand,0.9996899392990822,Mitterrand,match_top_only
869,25,"Et pour ce sursaut de l'Europe laissez-moi vous le dire, les moyens ne manquent pas.",0.6081827560830407,Mitterrand,0.4737602248813831,Chirac,1.0,Mitterrand,match_low_only
873,35,"L'innovation, le progrès technique touchent tous les secteurs.",0.6531703722174341,Mitterrand,0.3560441677050135,Chirac,0.9999999999999692,Mitterrand,match_low_only
873,36,"Les automatismes, par exemple ont permis d'enregistrer des progrès considérables dans le domaine des transports urbains.",0.6203490364383197,Mitterrand,0.1105863168380212,Chirac,0.9999999999976572,Mitterrand,match_low_only
873,37,Les techniques du laser et la conception assistée par ordinateur s'appliquent maintenant à l'industrie du textile comme à l'industrie de la chaussure.,0.5980676665274405,Mitterrand,0.3561053420246766,Chirac,0.999999999894752,Mitterrand,match_low_only
873,38,L'utilisation de nouveaux matériaux est un des facteurs essentiels des progrès de l'industrie automobile.,0.5833722685162236,Mitterrand,0.4281514322235319,Chirac,0.9999999954487824,Mitterrand,match_low_only
873,41,"C'est pourquoi, je tiens particulièrement à saluer parmi les réussites que j'ai pu constater les entreprises d'informatique créées par des chercheurs issus de la recherche publique ou encore les entreprises qui ont développé des systèmes de surveillance des volcans ou des inondations.",0.4990558878015614,Chirac,0.992702583268504,Mitterrand,0.9999412195220015,Mitterrand,match_top_only
873,42,"Un mouvement a été lancé, qu'une politique persévérante s'efforcera ou devra s'efforcer d'entretenir et cette politique doit viser à développer les grands programmes qui sont, je cite, comme des ""moteurs de progrès technologiques"" puisque je reprends là le titre d'un colloque que vous allez consacrer demain au projet d'avion spatial Hermès.",0.4406477751979239,Chirac,0.9718325615703828,Mitterrand,0.9989775676729084,Mitterrand,match_top_only
879,17,"Cependant, nous avons veillé à mettre en place des mécanismes qui permettront aux Etats qui le veulent de progresser plus vite sans être bloqués par ceux qui ont besoin de davantage de temps.",0.5624374700216217,Mitterrand,0.0984464269072245,Chirac,0.9991492930679444,Mitterrand,match_low_only
890,16,Nous sommes à un moment où l'on s'interroge sur la signification de la ville.,0.4185586745077182,Chirac,0.9943017733360948,Mitterrand,0.9975673914403208,Mitterrand,match_top_only
890,26,"Cela exige sans aucun doute des dépenses, cela exige une grande vision, de la continuité dans les idées, dans le projet et dans l'exécution.",0.6388262628751058,Mitterrand,0.4245773960395919,Chirac,0.9999998579118804,Mitterrand,match_low_only
890,27,Nombreux sont les responsables qui ont déjà consacré l'essentiel de leurs efforts à reprendre ou à réparer ce qui fut manqué il y a déjà plusieurs décennies.,0.5586404046922613,Mitterrand,0.0793557569642862,Chirac,0.999939393488247,Mitterrand,match_low_only
892,66,"La quatrième est de faire oeuvre d'imagination pour trouver de vraies solutions au problème de la dette, problème fort difficile, pour que les crédits privés et publics alimentent à nouveau, à des conditions sérieuses, les économies des pays endettés.",0.5016819989411945,Mitterrand,0.0683353728385409,Chirac,1.0000000000000002,Mitterrand,match_low_only
892,67,"Sans doute - enfin, je le pense - l'avenir passe-t-il par une vision plus généreuse, plus ouverte, de la consolidation de ces créances.",0.5687107973323529,Mitterrand,0.3046844347416232,Chirac,1.0000000000000002,Mitterrand,match_low_only
892,68,"Mais, il appartient aux experts d'y réfléchir et d'engager le débat.",0.6297561186760988,Mitterrand,0.2949524964746959,Chirac,1.0000000000000002,Mitterrand,match_low_only
892,69,"Cinquième direction, le désarmement.",0.67574514215106,Mitterrand,0.2833539449969186,Chirac,1.0000000000000002,Mitterrand,match_low_only
892,70,"Le <nom> vient de le souligner très justement, tous ces déséquilibres actuels sont aggravés par le surarmement général.",0.7076076272347009,Mitterrand,0.4636175037643461,Chirac,1.0000000000000002,Mitterrand,match_low_only
892,77,"Nous pourrions y réfléchir ensemble, d'ici à notre prochain sommet.",0.4226257342874552,Chirac,0.9997456103522876,Mitterrand,0.9812620654648784,Mitterrand,match_top_only
892,78,Je crois que c'est un rendez-vous nécessaire.,0.3363071062600418,Chirac,0.985650290183388,Mitterrand,0.8765793141547594,Mitterrand,match_top_only
895,102,"Elle entend la maintenir en raison d'une histoire partagée, du sang versé aux heures les plus sombres.",0.1496459618206926,Chirac,0.5940048262969284,Mitterrand,1.491528635044759e-07,Chirac,match_low_only
896,18,"Ce projet, bâti comme l'a évoqué à l'instant, <nom> , sur les valeurs républicaines de solidarité, de tolérance et de responsabilité, valeurs qui nous sont communes, sera une contribution essentielle à l'épanouissement de chacun par l'accès facilité à l'éducation, à la culture et à la citoyenneté.",0.5113569772758886,Mitterrand,0.0356853409099823,Chirac,0.0068724310472719,Chirac,match_top_only
896,36,Votre visage politique s'est profondément modifié.,0.6308866935569425,Mitterrand,0.2024320914452281,Chirac,1.0,Mitterrand,match_low_only
896,39,"Je voudrais même vous dire, mais monsieur le Président, vous l'avez souligné, l'admiration que je porte à la somme et à la qualité de travail accompli en si peu de temps car il vous faut reconstruire ou construire, à partir de rien, les bases d'un système dans lequel vous voulez faire vivre pour longtemps, on a envie de dire pour toujours, les libres citoyens d'un libre pays.",0.4757746179310395,Chirac,0.9999851894212752,Mitterrand,0.9999999890995108,Mitterrand,match_top_only
896,40,C'est ici que se trouve la pierre d'angle de la constitution bulgare.,0.409381975581693,Chirac,0.5322580211636792,Mitterrand,0.9999700395545406,Mitterrand,match_top_only
902,6,Lequel d'entre vous n'a pas éprouvé quelque fierté à constater nos succès ou à déplorer nos échecs dans le cadre des grandes compétitions de football.,0.5349611955244135,Mitterrand,0.0479032205666584,Chirac,0.9987257979107173,Mitterrand,match_low_only
913,31,"Nous avons tous le sentiment qu'il y a, sur la carte de l'univers, un pays en plus, dont la capitale est au nord-ouest de Los Angeles, et les villes partout dans le monde où se racontent des histoires, où s'inventent des images, où les rêves d'enfants, comme le disait encore <nom> , deviennent des rêves d'adultes.",0.505769370506888,Mitterrand,0.0656296748167498,Chirac,0.0003551627211964,Chirac,match_top_only
913,32,"Mais parce que nous aimons le cinéma américain et que nous l'accueillons à écrans ouverts, qu'il s'agisse des énormes productions aux moyens considérables, ou des films indépendants comme, récemment, ""l'Affaire Blair Witch"", nous aimerions que notre cinéma traverse plus aisément l'Atlantique.",0.5547689836244183,Mitterrand,0.0718115292699701,Chirac,0.0010488610713601,Chirac,match_top_only
913,33,"Il y faut bien sûr certaines qualités, car tous les films ne sont pas exportables, mais il faut aussi, sur l'autre rive, que cesse tout ce qui participe d'un protectionnisme déguisé, comme, par exemple, l'absence de studios américains de doublage vraiment performants.",0.5688253078818298,Mitterrand,0.0692685073561032,Chirac,0.0015851069970935,Chirac,match_top_only
913,34,"La part de marché des films européens aux Etats-Unis n'est que de 3 %, alors que celle des films américains en Europe, en salle et à la télévision, est supérieure à 60 %.",0.5445727377543365,Mitterrand,0.0507971323931323,Chirac,0.0016627060864549,Chirac,match_top_only
913,93,Sur six mètres carrés.,0.224229560836749,Chirac,0.9152902939860088,Mitterrand,2.0289713498211626e-07,Chirac,match_low_only
913,94,"De limites, le monde n'en avait pas, ",0.2231646409043561,Chirac,0.9998671537581156,Mitterrand,2.4679009158479204e-07,Chirac,match_low_only
91,35,Je voudrais maintenant évoquer la défense.,0.4614713889928442,Chirac,0.8865459503498756,Mitterrand,0.9546884159342768,Mitterrand,match_top_only
91,45,Les accords qui existent entre la France et l'Allemagne ont été conclus il y a maintenant un peu plus de 20 ans.,0.5406625002804517,Mitterrand,0.4571520530880977,Chirac,1.0,Mitterrand,match_low_only
91,47,"Traité que j'ai modernisé et actualisé en <date>, 20 ans plus tard, en mettant en oeuvre les dispositions militaires qui étaient restées en jachère pendant les 20 années précédentes.",0.5912822270782104,Mitterrand,0.373816047861251,Chirac,1.0,Mitterrand,match_low_only
932,15,"Si, comme je l'ai dit tout à l'heure, des changements sont à l'oeuvre dans le monde, dont je souhaite qu'ils ne soient pas simplement le fruit d'une conjoncture heureuse, mais les signes annonciateurs d'un ordre plus juste, plus vrai, je crois qu'une des raisons en est que les Etats se mettent enfin à l'écoute des peuples qui disent, vous l'avez exprimé à l'instant, <nom> , à votre façon : assez de vains et de cruels combats, luttons enfin contre nos véritables ennemis communs que sont la misère, l'ignorance, les maladies, les catastrophes naturelles ! Ce combat ne peut se mener qu'à l'échelle planétaire, il doit engager toutes les nations du monde.",0.4732332952594721,Chirac,0.999970177508151,Mitterrand,0.8047157948920131,Mitterrand,match_top_only
93,19,"L'Académie des sciences morales et politiques viendra plus tard, en 1795, avec l'Institut lui-même dont elle forme la deuxième section.",0.4561618116589581,Chirac,0.9959647116629956,Mitterrand,3.29847260616134e-13,Chirac,match_low_only
93,44,"Elle proclamait dans le même temps son intention de les remplacer, de créer un corps savant qui eût leurs vertus sans avoir disait-elle, leurs défauts.",0.4961394197509095,Chirac,0.9994673297904036,Mitterrand,7.953969705098983e-10,Chirac,match_low_only
93,45,"La Terreur se déchaînant, il ne fut plus, un temps, question d'arts, de sciences ou de lettres.",0.5213892615939165,Mitterrand,0.0419743813883054,Chirac,7.173460714327007e-10,Chirac,match_top_only
93,46,"L'orage passé, l'on vit renaître la pensée chère aux hommes de 1789.",0.536512527797212,Mitterrand,0.0287477373914701,Chirac,5.043151451999961e-10,Chirac,match_top_only
93,47,"Daunou était l'un d'eux, qui inspira la Constitution de l'An III quand elle créait un "" Institut chargé, pour toute la République, de recueillir les découvertes, de perfectionner les arts et les sciences "".",0.5428347227914847,Mitterrand,0.0270901880943009,Chirac,1.3531331610749928e-10,Chirac,match_top_only
93,48,"C'est lui enfin qui élabora cette grande loi fondatrice du 3 brumaire An Iv, c'est-à-dire du 25 octobre 1795, qui marque véritablement la naissance de l'Institut de France, en précise les missions, l'organisation, le fonctionnement, et dont le bicentenaire nous réunit aujourd'hui.",0.5382838174881357,Mitterrand,0.0345608361544592,Chirac,1.0347722678716307e-11,Chirac,match_top_only
93,49,* C'était il y a deux siècles.,0.5200057422738813,Mitterrand,0.0336046915276337,Chirac,6.891154313848348e-13,Chirac,match_top_only
93,73,"Bien sûr, tous ces hommes et toutes ces femmes qui se seront succédés à l'Institut, auront inégalement marqué les mémoires.",0.505719690321121,Mitterrand,0.0184701677862555,Chirac,0.0,Chirac,match_top_only
93,74,"Qui était donc ce <nom> qui siégea à l'Académie des beaux-arts, juste aux côtés du célèbre David ?",0.5296114279356362,Mitterrand,0.0177697148800994,Chirac,0.0,Chirac,match_top_only
93,75,"Oui, si tous ne sont pas passés à la postérité, tous ont pourtant continué la longue chaîne des traditions académiques.",0.5626962282653141,Mitterrand,0.0220630889042202,Chirac,0.0,Chirac,match_top_only
93,76,"C'est peut-être cela, aussi, l'"" immortalité "".",0.6010239236427931,Mitterrand,0.0239646178685331,Chirac,0.0,Chirac,match_top_only
93,77,"L'"" habit vert "" endossé, il n'est pas question, en effet, de se reposer sur ses lauriers.",0.6431580080440846,Mitterrand,0.0325717897887086,Chirac,0.0,Chirac,match_top_only
93,78,"Tout de suite, l'impétrant est mis à contribution.",0.6837191964547303,Mitterrand,0.0398279154264478,Chirac,0.0,Chirac,match_top_only
93,79,"Ici, l'esprit sans cesse en mouvement, on dispute, on imagine.",0.7198601849318009,Mitterrand,0.0517410463124735,Chirac,0.0,Chirac,match_top_only
93,80,"On extrapole, on dose, on apprécie.",0.7461385510042045,Mitterrand,0.0943401140620624,Chirac,0.0,Chirac,match_top_only
93,86,"L'Institut encore, et dans un tout autre domaine, cette enquête pionnière de Villermé sur la condition ouvrière et qui laissait entrevoir, dès le milieu du siècle dernier, ce que serait la législation sociale moderne.",0.5587539412637466,Mitterrand,0.0705441999881579,Chirac,0.0,Chirac,match_top_only
93,122,Nous vivons à l'heure actuelle une crise de croissance.,0.7217447603321892,Mitterrand,0.1446085144274835,Chirac,0.999999999189468,Mitterrand,match_low_only
93,123,Il y a eu beaucoup de crises.,0.7224448291771149,Mitterrand,0.380873767226605,Chirac,0.9999999991947766,Mitterrand,match_low_only
93,138,Les Douze sont faits pour vivre ensemble.,0.5583371043387079,Mitterrand,0.2465565889036325,Chirac,0.0043456095139005,Chirac,match_top_only
729,144,Troisième piste.,0.3383569958390588,Chirac,0.970311838336692,Mitterrand,0.0014145158713211,Chirac,match_low_only
